question,card1,c1value,c1suit,card2,c2value,c2suit,card3,c3value,c3suit,delay,first,modality,age,gender,context
name,AS,A,S,2H,2,H,KC,K,C,TRUE,TRUE,verbal,19,f,in-person
name,7S,7,S,QH,Q,H,AD,A,D,TRUE,TRUE,visual,18,f,in-person
name,AS,A,S,2H,2,H,7C,7,C,FALSE,TRUE,visual,23,m,in-person
name,JH,J,H,3D,3,D,NA,NA,NA,FALSE,TRUE,visual,27,m,in-person
name,AH,A,H,AS,A,S,AC,A,C,FALSE,TRUE,visual,22,f,in-person
name,NA,NA,NA,NA,NA,NA,NA,NA,NA,FALSE,TRUE,verbal,20,f,in-person
name,AH,A,H,KD,K,D,2C,2,C,TRUE,TRUE,visual,21,f,in-person
name,QS,Q,S,AD,A,D,7D,7,D,FALSE,TRUE,visual,18,f,in-person
name,QH,Q,H,AS,A,S,2D,2,D,FALSE,TRUE,visual,21,f,in-person
name,3D,3,D,4C,4,C,8S,8,S,FALSE,TRUE,visual,20,f,in-person
name,KD,K,D,QS,Q,S,KD,K,D,TRUE,TRUE,visual,26,f,in-person
name,7D,7,D,3S,3,S,KH,K,H,TRUE,TRUE,visual,28,m,in-person
name,AS,A,S,QH,Q,H,JD,J,D,FALSE,TRUE,verbal,31,f,in-person
name,3D,3,D,4H,4,H,6C,6,C,TRUE,TRUE,visual,24,f,in-person
name,10D,10,D,9S,9,S,8C,8,C,FALSE,TRUE,visual,24,f,in-person
name,QH,Q,H,2S,2,S,3C,3,C,FALSE,TRUE,visual,21,f,in-person
name,JS,J,S,KS,K,S,QS,Q,S,FALSE,TRUE,visual,19,m,in-person
name,2S,2,S,6H,6,H,KD,K,D,FALSE,TRUE,visual,23,f,in-person
name,3C,3,C,JS,J,S,2D,2,D,FALSE,FALSE,both,24,m,in-person
name,AD,A,D,2S,2,S,3H,3,H,FALSE,TRUE,visual,20,f,in-person
name,AH,A,H,2H,2,H,3H,3,H,TRUE,TRUE,verbal,21,f,in-person
name,8C,8,C,2S,2,S,AH,A,H,FALSE,TRUE,visual,20,f,in-person
name,AS,A,S,JH,J,H,QC,Q,C,FALSE,TRUE,visual,24,f,in-person
name,AS,A,S,KH,K,H,QC,Q,C,FALSE,TRUE,verbal,23,f,in-person
name,JH,J,H,QS,Q,S,KD,K,D,FALSE,TRUE,visual,28,f,in-person
name,AS,A,S,7C,7,C,KH,K,H,FALSE,TRUE,visual,18,f,in-person
name,AS,A,S,6H,6,H,7D,7,D,TRUE,TRUE,visual,21,f,in-person
name,3S,3,S,2H,2,H,AS,A,S,TRUE,TRUE,visual,21,f,in-person
name,3D,3,D,4C,4,C,8S,8,S,TRUE,TRUE,visual,20,f,in-person
name,QH,Q,H,QC,Q,C,6H,6,H,FALSE,TRUE,visual,25,m,in-person
name,JS,J,S,QH,Q,H,7C,7,C,FALSE,TRUE,visual,28,m,in-person
name,AS,A,S,2H,2,H,QH,Q,H,FALSE,TRUE,visual,21,m,in-person
name,JD,J,D,2H,2,H,KS,K,S,FALSE,TRUE,visual,20,f,in-person
name,KH,K,H,AS,A,S,QD,Q,D,FALSE,TRUE,visual,29,m,in-person
name,AS,A,S,KD,K,D,QH,Q,H,FALSE,TRUE,visual,22,m,in-person
name,JC,J,C,QD,Q,D,KH,K,H,FALSE,TRUE,visual,22,m,in-person
name,KS,K,S,QS,Q,S,JS,J,S,FALSE,TRUE,visual,19,m,in-person
name,3H,3,H,AS,A,S,5C,5,C,TRUE,FALSE,verbal,20,f,in-person
name,AH,A,H,3H,3,H,7H,7,H,FALSE,TRUE,visual,21,f,in-person
name,AH,A,H,7D,7,D,2S,2,S,TRUE,TRUE,verbal,22,f,in-person
name,AS,A,S,3H,3,H,2H,2,H,TRUE,TRUE,both,21,f,in-person
name,10D,10,D,JD,J,D,QS,Q,S,TRUE,TRUE,visual,24,m,in-person
name,3H,3,H,5D,5,D,QS,Q,S,FALSE,TRUE,visual,25,f,in-person
name,3H,3,H,KS,K,S,AS,A,S,FALSE,TRUE,visual,19,m,in-person
name,8D,8,D,QH,Q,H,10D,10,D,FALSE,TRUE,visual,23,m,in-person
name,8H,8,H,QD,Q,D,4S,4,S,FALSE,TRUE,visual,19,f,in-person
name,AS,A,S,5D,5,D,2H,2,H,FALSE,TRUE,visual,35,f,in-person
name,AS,A,S,KH,K,H,QH,Q,H,FALSE,TRUE,verbal,19,f,in-person
name,AS,A,S,KS,K,S,QS,Q,S,FALSE,TRUE,visual,19,f,in-person
name,AS,A,S,7S,7,S,JC,J,C,FALSE,TRUE,visual,18,f,in-person
name,QH,Q,H,8C,8,C,6S,6,S,FALSE,TRUE,visual,19,f,in-person
name,AS,A,S,2H,2,H,3C,3,C,FALSE,TRUE,verbal,21,f,in-person
name,AS,A,S,KH,K,H,JC,J,C,TRUE,TRUE,both,22,m,in-person
name,7H,7,H,KC,K,C,AD,A,D,FALSE,TRUE,verbal,22,f,in-person
name,AD,A,D,KD,K,D,QS,Q,S,FALSE,TRUE,visual,35,f,in-person
name,AS,A,S,2H,2,H,5C,5,C,FALSE,TRUE,both,36,f,in-person
name,JH,J,H,AS,A,S,3D,3,D,FALSE,TRUE,visual,18,f,in-person
name,3H,3,H,2C,2,C,10D,10,D,TRUE,TRUE,visual,23,f,in-person
name,AH,A,H,AS,A,S,AD,A,D,TRUE,TRUE,visual,22,f,in-person
name,10H,10,H,KS,K,S,AH,A,H,FALSE,TRUE,visual,23,m,in-person
name,5S,5,S,3D,3,D,7H,7,H,TRUE,FALSE,visual,18,f,in-person
name,AD,A,D,8C,8,C,KS,K,S,FALSE,TRUE,visual,40,f,in-person
name,10D,10,D,5D,5,D,3D,3,D,FALSE,TRUE,visual,44,m,in-person
name,7C,7,C,QD,Q,D,3S,3,S,FALSE,TRUE,visual,40,m,in-person
name,JH,J,H,KD,K,D,AS,A,S,FALSE,TRUE,verbal,40,m,in-person
name,AD,A,D,8S,8,S,JS,J,S,TRUE,TRUE,visual,20,m,in-person
name,KH,K,H,QD,Q,D,JS,J,S,FALSE,TRUE,visual,36,f,in-person
name,AS,A,S,QH,Q,H,4C,4,C,FALSE,TRUE,visual,32,f,in-person
name,QH,Q,H,AD,A,D,KS,K,S,FALSE,TRUE,visual,31,f,in-person
name,QH,Q,H,2S,2,S,KD,K,D,FALSE,TRUE,visual,31,f,in-person
name,KS,K,S,AS,A,S,9H,9,H,FALSE,TRUE,verbal,39,m,in-person
name,QH,Q,H,AS,A,S,KD,K,D,FALSE,TRUE,visual,30,m,in-person
name,JS,J,S,QH,Q,H,AC,A,C,FALSE,TRUE,visual,48,m,in-person
name,KH,K,H,JS,J,S,6H,6,H,FALSE,TRUE,visual,35,f,in-person
name,AS,A,S,QD,Q,D,3H,3,H,TRUE,TRUE,visual,41,m,in-person
name,KS,K,S,QH,Q,H,JD,J,D,FALSE,TRUE,visual,20,f,in-person
name,AS,A,S,QD,Q,D,10H,10,H,FALSE,TRUE,visual,43,m,in-person
name,AH,A,H,AS,A,S,AC,A,C,FALSE,TRUE,visual,67,f,in-person
name,9H,9,H,QH,Q,H,AS,A,S,FALSE,TRUE,visual,43,f,in-person
name,AC,A,C,AD,A,D,KS,K,S,FALSE,TRUE,visual,37,f,in-person
name,AD,A,D,4D,4,D,10D,10,D,FALSE,TRUE,visual,30,m,in-person
name,AS,A,S,KH,K,H,3C,3,C,FALSE,TRUE,verbal,46,m,in-person
name,JD,J,D,3S,3,S,10C,10,C,FALSE,TRUE,visual,37,m,in-person
name,AS,A,S,JD,J,D,6C,6,C,FALSE,TRUE,visual,44,m,in-person
name,JD,J,D,10D,10,D,6S,6,S,FALSE,TRUE,visual,24,m,in-person
name,7D,7,D,7S,7,S,AS,A,S,FALSE,TRUE,visual,48,m,in-person
name,2H,2,H,5S,5,S,7D,7,D,FALSE,TRUE,visual,40,f,in-person
name,AH,A,H,JD,J,D,10C,10,C,FALSE,TRUE,visual,30,m,in-person
name,AS,A,S,JD,J,D,KH,K,H,FALSE,TRUE,visual,29,m,in-person
name,QH,Q,H,AS,A,S,KD,K,D,FALSE,TRUE,visual,41,m,in-person
name,QH,Q,H,5D,5,D,6C,6,C,FALSE,TRUE,visual,43,m,in-person
name,AS,A,S,KC,K,C,9H,9,H,FALSE,TRUE,visual,36,f,in-person
name,2C,2,C,AD,A,D,KH,K,H,FALSE,TRUE,verbal,69,m,in-person
name,QH,Q,H,KD,K,D,3S,3,S,FALSE,TRUE,visual,45,m,in-person
name,AS,A,S,NA,NA,NA,JD,J,D,FALSE,TRUE,verbal,21,m,in-person
name,QH,Q,H,AS,A,S,7D,7,D,FALSE,TRUE,visual,21,f,in-person
name,KH,K,H,AS,A,S,7D,7,D,FALSE,TRUE,visual,22,f,in-person
name,JD,J,D,2S,2,S,4C,4,C,TRUE,TRUE,verbal,22,m,in-person
name,AS,A,S,2S,2,S,AH,A,H,FALSE,TRUE,verbal,21,m,in-person
name,KS,K,S,QH,Q,H,AS,A,S,FALSE,TRUE,verbal,19,f,in-person
name,AS,A,S,QH,Q,H,QS,Q,S,FALSE,TRUE,visual,23,m,in-person
name,4S,4,S,5S,5,S,6S,6,S,TRUE,TRUE,visual,26,m,in-person
name,JH,J,H,8S,8,S,2D,2,D,FALSE,TRUE,visual,21,f,in-person
name,AS,A,S,2H,2,H,5C,5,C,FALSE,TRUE,visual,18,f,in-person
name,QS,Q,S,KH,K,H,8C,8,C,TRUE,TRUE,visual,19,f,in-person
name,AS,A,S,2S,2,S,AH,A,H,TRUE,TRUE,visual,22,f,in-person
name,7D,7,D,JS,J,S,AH,A,H,FALSE,TRUE,verbal,27,f,in-person
name,KH,K,H,QD,Q,D,10S,10,S,TRUE,TRUE,verbal,22,f,in-person
name,KD,K,D,JD,J,D,4C,4,C,FALSE,TRUE,verbal,23,f,in-person
name,AS,A,S,QH,Q,H,KC,K,C,FALSE,TRUE,verbal,33,m,in-person
name,AD,A,D,7C,7,C,2C,2,C,FALSE,TRUE,verbal,19,f,in-person
name,KH,K,H,QH,Q,H,4C,4,C,FALSE,FALSE,visual,23,f,in-person
name,QH,Q,H,9S,9,S,4D,4,D,FALSE,TRUE,visual,23,f,in-person
name,8C,8,C,QH,Q,H,AS,A,S,FALSE,TRUE,verbal,18,f,in-person
name,AS,A,S,JH,J,H,3D,3,D,FALSE,TRUE,visual,22,f,in-person
name,KH,K,H,AD,A,D,3S,3,S,FALSE,TRUE,visual,18,f,in-person
name,QS,Q,S,10D,10,D,AC,A,C,FALSE,TRUE,verbal,27,f,in-person
name,AS,A,S,JC,J,C,4D,4,D,FALSE,TRUE,visual,29,f,in-person
name,JS,J,S,KH,K,H,QD,Q,D,FALSE,TRUE,visual,29,m,in-person
name,AS,A,S,8H,8,H,2C,2,C,FALSE,TRUE,visual,18,m,in-person
name,AS,A,S,7H,7,H,JC,J,C,FALSE,TRUE,visual,21,f,in-person
name,KH,K,H,JS,J,S,QC,Q,C,FALSE,TRUE,visual,25,m,in-person
name,KH,K,H,7S,7,S,3C,3,C,FALSE,TRUE,visual,23,m,in-person
name,AH,A,H,2H,2,H,3H,3,H,FALSE,TRUE,visual,20,f,in-person
name,3H,3,H,8C,8,C,QD,Q,D,FALSE,TRUE,visual,23,f,in-person
name,2H,2,H,4D,4,D,8H,8,H,FALSE,TRUE,verbal,23,m,in-person
name,JS,J,S,AS,A,S,QH,Q,H,FALSE,TRUE,visual,26,f,in-person
name,QH,Q,H,JD,J,D,2S,2,S,FALSE,TRUE,visual,18,f,in-person
name,KH,K,H,QD,Q,D,JS,J,S,FALSE,TRUE,verbal,21,f,in-person
name,AS,A,S,QH,Q,H,QC,Q,C,FALSE,TRUE,visual,21,f,in-person
name,3D,3,D,QS,Q,S,KH,K,H,FALSE,TRUE,verbal,55,m,in-person
name,2D,2,D,QS,Q,S,KC,K,C,FALSE,TRUE,visual,32,m,in-person
name,AD,A,D,QH,Q,H,6C,6,C,FALSE,TRUE,visual,19,m,in-person
name,AS,A,S,2S,2,S,QH,Q,H,FALSE,TRUE,visual,25,m,in-person
name,AS,A,S,QH,Q,H,JC,J,C,FALSE,TRUE,visual,20,m,in-person
name,3D,3,D,6S,6,S,QH,Q,H,NA,TRUE,both,22,m,online
name,9H,9,H,4C,4,C,9D,9,D,NA,FALSE,visual,25,m,online
name,7H,7,H,5S,5,S,5D,5,D,NA,TRUE,both,61,f,online
name,KS,K,S,QH,Q,H,9C,9,C,NA,TRUE,both,63,m,online
name,QH,Q,H,AS,A,S,AS,A,S,NA,TRUE,visual,61,m,online
name,7D,7,D,6D,6,D,5D,5,D,NA,FALSE,visual,23,f,online
name,AS,A,S,10D,10,D,3H,3,H,NA,TRUE,visual,20,m,online
name,NA,NA,NA,NA,NA,NA,NA,NA,NA,NA,TRUE,visual,20,m,online
name,AH,A,H,AS,A,S,8D,8,D,NA,TRUE,both,22,m,online
name,AS,A,S,NA,NA,NA,QH,Q,H,NA,TRUE,both,24,f,online
name,NA,NA,NA,NA,NA,NA,JS,J,S,NA,TRUE,visual,21,m,online
name,QH,Q,H,AS,A,S,AD,A,D,NA,TRUE,visual,24,m,online
name,AH,A,H,QD,Q,D,KS,K,S,NA,TRUE,both,26,f,online
name,NA,NA,NA,NA,NA,NA,NA,NA,NA,NA,TRUE,visual,22,m,online
name,2H,2,H,5D,5,D,10S,10,S,NA,TRUE,visual,18,m,online
name,AS,A,S,AD,A,D,5H,5,H,NA,TRUE,visual,37,f,online
name,JS,J,S,9H,9,H,NA,NA,NA,NA,TRUE,both,20,m,online
name,3S,3,S,JH,J,H,4D,4,D,NA,TRUE,visual,18,f,online
name,AS,A,S,2S,2,S,3S,3,S,NA,TRUE,both,20,m,online
name,9D,9,D,JS,J,S,2C,2,C,NA,FALSE,verbal,21,m,online
name,QH,Q,H,JH,J,H,AD,A,D,NA,TRUE,verbal,21,f,online
name,3D,3,D,3C,3,C,3H,3,H,NA,TRUE,both,44,f,online
name,AC,A,C,QH,Q,H,3D,3,D,NA,TRUE,both,21,m,online
name,KS,K,S,QH,Q,H,AC,A,C,NA,TRUE,both,19,m,online
name,8S,8,S,7D,7,D,AS,A,S,NA,TRUE,both,20,m,online
name,AS,A,S,QH,Q,H,7D,7,D,NA,TRUE,both,20,f,online
name,4H,4,H,6C,6,C,7D,7,D,NA,TRUE,visual,20,f,online
name,NA,NA,NA,NA,NA,NA,NA,NA,NA,NA,FALSE,both,20,m,online
name,AS,A,S,3D,3,D,2C,2,C,NA,TRUE,visual,21,m,online
name,8S,8,S,8D,8,D,QH,Q,H,NA,TRUE,both,20,m,online
name,AS,A,S,KH,K,H,3C,3,C,NA,TRUE,verbal,21,m,online
name,NA,NA,NA,NA,NA,NA,NA,NA,NA,NA,TRUE,NA,60,m,online
name,JD,J,D,4C,4,C,NA,NA,NA,NA,TRUE,visual,20,m,online
name,3S,3,S,JD,J,D,10H,10,H,NA,TRUE,visual,20,m,online
name,2H,2,H,7D,7,D,JS,J,S,NA,TRUE,visual,19,f,online
name,9S,9,S,2D,2,D,KC,K,C,NA,TRUE,verbal,19,m,online
name,JS,J,S,QH,Q,H,KD,K,D,NA,TRUE,visual,20,m,online
name,10C,10,C,QS,Q,S,JH,J,H,NA,TRUE,both,20,m,online
name,5H,5,H,3D,3,D,8C,8,C,NA,FALSE,visual,20,f,online
name,KH,K,H,QH,Q,H,AS,A,S,NA,TRUE,both,21,m,online
name,NA,NA,NA,NA,NA,NA,NA,NA,NA,NA,TRUE,NA,20,m,online
name,5S,5,S,NA,NA,NA,2H,2,H,NA,TRUE,both,22,m,online
name,QD,Q,D,KS,K,S,3S,3,S,NA,FALSE,visual,20,m,online
name,AH,A,H,2C,2,C,3D,3,D,NA,FALSE,visual,20,m,online
name,NA,NA,NA,NA,NA,NA,NA,NA,NA,NA,TRUE,visual,20,f,online
name,KH,K,H,7D,7,D,QS,Q,S,NA,TRUE,visual,20,f,online
name,8S,8,S,10D,10,D,AH,A,H,NA,TRUE,visual,28,f,online
name,2S,2,S,JH,J,H,9C,9,C,NA,FALSE,visual,18,f,online
name,8C,8,C,2D,2,D,QH,Q,H,NA,TRUE,visual,37,f,online
name,AH,A,H,QC,Q,C,KD,K,D,NA,TRUE,visual,38,m,online
name,NA,NA,NA,JC,J,C,KD,K,D,NA,TRUE,visual,30,m,online
name,AH,A,H,AS,A,S,2C,2,C,NA,TRUE,visual,38,m,online
name,QD,Q,D,QH,Q,H,AD,A,D,NA,TRUE,both,27,m,online
name,QH,Q,H,KD,K,D,AS,A,S,NA,FALSE,visual,30,f,online
name,NA,NA,NA,NA,NA,NA,NA,NA,NA,NA,FALSE,verbal,52,m,online
name,NA,NA,NA,NA,NA,NA,NA,NA,NA,NA,TRUE,visual,38,m,online
name,AD,A,D,JC,J,C,QH,Q,H,NA,TRUE,visual,33,f,online
name,NA,NA,NA,NA,NA,NA,3D,3,D,NA,FALSE,visual,25,m,online
name,AH,A,H,3D,3,D,JS,J,S,NA,FALSE,visual,63,m,online
name,QH,Q,H,QD,Q,D,KS,K,S,NA,TRUE,visual,23,m,online
name,NA,NA,NA,NA,NA,NA,NA,NA,NA,NA,TRUE,both,22,m,online
name,AS,A,S,QS,Q,S,3D,3,D,NA,TRUE,verbal,20,m,online
name,NA,NA,NA,NA,NA,NA,NA,NA,NA,NA,TRUE,visual,23,m,online
name,QH,Q,H,7S,7,S,5D,5,D,NA,TRUE,verbal,22,f,online
name,NA,NA,NA,NA,NA,NA,NA,NA,NA,NA,TRUE,NA,20,m,online
name,QH,Q,H,JS,J,S,AD,A,D,NA,TRUE,verbal,22,m,online
name,2H,2,H,7D,7,D,QS,Q,S,NA,FALSE,visual,21,m,online
name,AD,A,D,JS,J,S,2H,2,H,NA,TRUE,visual,25,f,online
name,QH,Q,H,JD,J,D,5C,5,C,NA,TRUE,visual,30,m,online
name,NA,NA,NA,QH,Q,H,2S,2,S,NA,TRUE,visual,22,m,online
name,NA,NA,NA,NA,NA,NA,NA,NA,NA,NA,TRUE,both,22,f,online
name,AS,A,S,5D,5,D,JH,J,H,NA,TRUE,visual,22,f,online
name,NA,NA,NA,NA,NA,NA,NA,NA,NA,NA,TRUE,visual,22,f,online
name,AH,A,H,JS,J,S,10D,10,D,NA,TRUE,visual,53,f,online
name,5H,5,H,7D,7,D,JS,J,S,NA,TRUE,visual,20,f,online
name,NA,NA,NA,NA,NA,NA,NA,NA,NA,NA,TRUE,verbal,22,f,online
name,NA,NA,NA,NA,NA,NA,NA,NA,NA,NA,TRUE,visual,22,m,online
name,AS,A,S,KH,K,H,2D,2,D,NA,TRUE,verbal,19,m,online
name,NA,NA,NA,NA,NA,NA,NA,NA,NA,NA,TRUE,both,25,m,online
name,QH,Q,H,3D,3,D,7C,7,C,NA,TRUE,visual,22,m,online
name,NA,NA,NA,NA,NA,NA,NA,NA,NA,NA,TRUE,visual,42,m,online
name,QH,Q,H,KD,K,D,AS,A,S,NA,TRUE,both,20,m,online
name,7D,7,D,AS,A,S,KC,K,C,NA,TRUE,verbal,23,f,online
name,AS,A,S,QH,Q,H,2C,2,C,NA,TRUE,visual,24,m,online
name,7D,7,D,JH,J,H,3S,3,S,NA,FALSE,visual,28,m,online
name,AS,A,S,3D,3,D,4C,4,C,NA,TRUE,visual,22,m,online
name,QH,Q,H,QC,Q,C,JS,J,S,NA,FALSE,both,27,m,online
name,AS,A,S,2H,2,H,3H,3,H,NA,TRUE,verbal,23,f,online
name,JH,J,H,QS,Q,S,KC,K,C,NA,TRUE,both,41,m,online
name,QH,Q,H,KC,K,C,JS,J,S,NA,TRUE,NA,59,m,online
name,AH,A,H,7D,7,D,4C,4,C,NA,TRUE,verbal,32,f,online
name,JH,J,H,AH,A,H,KH,K,H,NA,TRUE,visual,43,m,online
name,QH,Q,H,KD,K,D,AS,A,S,NA,TRUE,visual,48,m,online
name,AH,A,H,JH,J,H,7D,7,D,NA,FALSE,visual,60,m,online
name,AS,A,S,QD,Q,D,3H,3,H,NA,TRUE,visual,23,m,online
name,NA,NA,NA,KS,K,S,AH,A,H,NA,FALSE,visual,41,m,online
name,AS,A,S,KH,K,H,QD,Q,D,NA,TRUE,both,27,m,online
name,4D,4,D,AH,A,H,3S,3,S,NA,TRUE,verbal,27,m,online
name,AS,A,S,10D,10,D,NA,NA,NA,NA,TRUE,both,52,m,online
name,QH,Q,H,QD,Q,D,AS,A,S,NA,TRUE,both,53,m,online
name,KH,K,H,KS,K,S,KD,K,D,NA,TRUE,visual,22,m,online
name,QH,Q,H,QS,Q,S,KD,K,D,NA,FALSE,NA,32,m,online
name,10S,10,S,QH,Q,H,10H,10,H,NA,TRUE,visual,54,m,online
name,AD,A,D,QH,Q,H,6D,6,D,NA,TRUE,both,51,m,online
name,7C,7,C,4D,4,D,QS,Q,S,NA,TRUE,visual,51,m,online
name,AH,A,H,AS,A,S,AD,A,D,NA,TRUE,visual,45,m,online
name,8C,8,C,2D,2,D,5H,5,H,NA,FALSE,both,50,m,online
name,NA,NA,NA,NA,NA,NA,NA,NA,NA,NA,FALSE,NA,40,m,online
name,AH,A,H,KH,K,H,3C,3,C,NA,TRUE,both,29,m,online
name,AS,A,S,QH,Q,H,7D,7,D,NA,TRUE,verbal,67,f,online
name,NA,NA,NA,NA,NA,NA,NA,NA,NA,NA,TRUE,visual,27,m,online
name,NA,NA,NA,NA,NA,NA,NA,NA,NA,NA,FALSE,visual,59,m,online
name,QS,Q,S,AH,A,H,2D,2,D,NA,FALSE,visual,37,f,online
name,KH,K,H,QS,Q,S,2D,2,D,NA,TRUE,verbal,60,m,online
name,8H,8,H,JS,J,S,2D,2,D,NA,FALSE,visual,30,m,online
name,AH,A,H,4D,4,D,3C,3,C,NA,FALSE,both,50,f,online
name,3H,3,H,JS,J,S,6H,6,H,NA,TRUE,visual,23,m,online
name,KH,K,H,QD,Q,D,AS,A,S,NA,TRUE,visual,46,f,online
name,AD,A,D,AH,A,H,AS,A,S,NA,TRUE,visual,49,f,online
name,NA,NA,NA,NA,NA,NA,NA,NA,NA,NA,TRUE,both,38,m,online
name,QH,Q,H,KD,K,D,JC,J,C,NA,TRUE,visual,59,m,online
name,7D,7,D,6H,6,H,7S,7,S,NA,TRUE,visual,25,m,online
name,7H,7,H,7D,7,D,AH,A,H,NA,TRUE,visual,25,m,online
name,QH,Q,H,JS,J,S,KC,K,C,NA,TRUE,visual,53,m,online
name,AH,A,H,QD,Q,D,JS,J,S,NA,FALSE,verbal,47,m,online
name,NA,NA,NA,NA,NA,NA,NA,NA,NA,NA,TRUE,both,60,m,online
name,QD,Q,D,JS,J,S,3H,3,H,NA,TRUE,both,53,f,online
name,NA,NA,NA,8S,8,S,6C,6,C,NA,TRUE,visual,50,m,online
name,NA,NA,NA,NA,NA,NA,NA,NA,NA,NA,TRUE,visual,45,f,online
name,AD,A,D,QH,Q,H,JS,J,S,NA,TRUE,visual,46,m,online
name,QH,Q,H,AD,A,D,KS,K,S,NA,TRUE,visual,27,m,online
name,8H,8,H,QS,Q,S,KD,K,D,NA,TRUE,both,22,m,online
name,NA,NA,NA,4C,4,C,7S,7,S,NA,TRUE,both,24,m,online
name,3H,3,H,6C,6,C,7H,7,H,NA,TRUE,visual,49,f,online
name,9D,9,D,QS,Q,S,JH,J,H,NA,TRUE,visual,43,m,online
name,NA,NA,NA,NA,NA,NA,NA,NA,NA,NA,TRUE,visual,26,m,online
name,JS,J,S,KH,K,H,AS,A,S,NA,TRUE,visual,59,f,online
name,QH,Q,H,6D,6,D,AS,A,S,NA,FALSE,visual,44,f,online
name,AH,A,H,QS,Q,S,KC,K,C,NA,TRUE,both,25,m,online
name,JH,J,H,KH,K,H,QH,Q,H,NA,TRUE,visual,57,m,online
name,AH,A,H,AS,A,S,AD,A,D,NA,TRUE,visual,42,m,online
name,10C,10,C,QS,Q,S,3H,3,H,NA,TRUE,both,25,m,online
name,AH,A,H,AS,A,S,AD,A,D,NA,TRUE,visual,32,f,online
name,AS,A,S,KH,K,H,JS,J,S,NA,TRUE,visual,44,m,online
name,NA,NA,NA,NA,NA,NA,NA,NA,NA,NA,TRUE,visual,44,f,online
name,QH,Q,H,KC,K,C,AS,A,S,NA,TRUE,visual,54,f,online
name,7H,7,H,5S,5,S,9D,9,D,NA,TRUE,visual,47,m,online
name,QH,Q,H,JS,J,S,3D,3,D,NA,TRUE,visual,31,m,online
name,NA,NA,NA,2D,2,D,3S,3,S,NA,TRUE,visual,21,m,online
name,NA,NA,NA,NA,NA,NA,NA,NA,NA,NA,TRUE,both,25,m,online
name,AS,A,S,QH,Q,H,3C,3,C,NA,TRUE,visual,28,m,online
name,7D,7,D,KH,K,H,AS,A,S,NA,FALSE,both,31,f,online
name,AS,A,S,4H,4,H,6S,6,S,NA,TRUE,visual,24,f,online
name,5H,5,H,9S,9,S,3D,3,D,NA,TRUE,NA,35,m,online
name,AS,A,S,QH,Q,H,KH,K,H,NA,TRUE,visual,29,m,online
name,AS,A,S,AH,A,H,QH,Q,H,NA,TRUE,visual,32,f,online
name,AS,A,S,KD,K,D,8H,8,H,NA,FALSE,visual,27,f,online
name,AS,A,S,JD,J,D,7H,7,H,NA,TRUE,NA,28,f,online
name,NA,NA,NA,NA,NA,NA,NA,NA,NA,NA,TRUE,both,38,m,online
name,NA,NA,NA,NA,NA,NA,NA,NA,NA,NA,TRUE,visual,47,f,online
name,AS,A,S,AD,A,D,KS,K,S,NA,TRUE,NA,39,f,online
name,AD,A,D,3H,3,H,NA,NA,NA,NA,TRUE,visual,21,f,online
name,QD,Q,D,KS,K,S,AC,A,C,NA,TRUE,visual,25,f,online
name,NA,NA,NA,NA,NA,NA,NA,NA,NA,NA,TRUE,NA,19,f,online
name,KH,K,H,AD,A,D,7S,7,S,NA,FALSE,visual,54,f,online
name,JD,J,D,QH,Q,H,NA,NA,NA,NA,TRUE,visual,18,m,online
name,NA,NA,NA,NA,NA,NA,NA,NA,NA,NA,TRUE,visual,50,f,online
name,4C,4,C,5C,5,C,6C,6,C,NA,TRUE,both,22,f,online
name,AD,A,D,NA,NA,NA,JD,J,D,NA,TRUE,visual,21,f,online
name,QH,Q,H,5C,5,C,3D,3,D,NA,FALSE,visual,31,m,online
name,2D,2,D,3H,3,H,2S,2,S,NA,TRUE,visual,43,f,online
name,JH,J,H,7D,7,D,3S,3,S,NA,TRUE,visual,27,f,online
name,NA,NA,NA,NA,NA,NA,NA,NA,NA,NA,TRUE,verbal,55,f,online
name,2D,2,D,NA,NA,NA,NA,NA,NA,NA,TRUE,visual,25,f,online
name,10S,10,S,7D,7,D,NA,NA,NA,NA,FALSE,both,46,f,online
name,8H,8,H,4S,4,S,JC,J,C,NA,TRUE,visual,54,f,online
name,AS,A,S,NA,NA,NA,NA,NA,NA,NA,TRUE,both,50,m,online
name,2S,2,S,JD,J,D,KH,K,H,NA,FALSE,both,25,f,online
name,9D,9,D,5S,5,S,6S,6,S,NA,TRUE,visual,38,f,online
name,9H,9,H,9D,9,D,10H,10,H,NA,FALSE,visual,21,f,online
name,AS,A,S,NA,NA,NA,2C,2,C,NA,TRUE,visual,33,f,online
name,8H,8,H,AS,A,S,3D,3,D,NA,TRUE,visual,39,f,online
name,AS,A,S,QH,Q,H,KD,K,D,NA,TRUE,both,19,m,online
name,4H,4,H,JD,J,D,4H,4,H,NA,TRUE,visual,40,f,online
name,QD,Q,D,5S,5,S,AH,A,H,NA,TRUE,visual,42,f,online
name,JC,J,C,2S,2,S,3D,3,D,NA,TRUE,verbal,55,f,online
name,AS,A,S,JS,J,S,KH,K,H,NA,TRUE,both,37,f,online
name,QD,Q,D,AS,A,S,3C,3,C,NA,TRUE,visual,39,m,online
name,QS,Q,S,4D,4,D,9C,9,C,NA,TRUE,both,26,f,online
name,NA,NA,NA,NA,NA,NA,NA,NA,NA,NA,FALSE,visual,22,m,online
name,9C,9,C,JS,J,S,2D,2,D,NA,TRUE,visual,23,f,online
name,2D,2,D,9H,9,H,JC,J,C,NA,FALSE,both,26,f,online
name,7D,7,D,2S,2,S,JH,J,H,NA,TRUE,NA,40,f,online
name,JC,J,C,AS,A,S,QH,Q,H,NA,TRUE,both,32,m,online
name,AC,A,C,8D,8,D,8S,8,S,NA,TRUE,visual,19,f,online
name,3S,3,S,10C,10,C,7H,7,H,NA,TRUE,verbal,97,f,online
name,AS,A,S,NA,NA,NA,JD,J,D,NA,TRUE,NA,31,m,online
name,AH,A,H,AS,A,S,QH,Q,H,NA,TRUE,visual,26,m,online
name,KH,K,H,6S,6,S,2D,2,D,NA,TRUE,visual,21,f,online
name,3D,3,D,5C,5,C,2S,2,S,NA,TRUE,visual,29,m,online
name,3C,3,C,6H,6,H,8S,8,S,NA,FALSE,both,30,f,online
name,4D,4,D,5D,5,D,6D,6,D,NA,TRUE,verbal,46,m,online
name,3C,3,C,6D,6,D,8H,8,H,NA,TRUE,both,53,f,online
name,8C,8,C,5D,5,D,3D,3,D,NA,TRUE,visual,22,f,online
name,NA,NA,NA,NA,NA,NA,NA,NA,NA,NA,TRUE,visual,41,f,online
name,JS,J,S,KH,K,H,3C,3,C,NA,TRUE,verbal,44,m,online
name,QH,Q,H,10S,10,S,3D,3,D,NA,TRUE,visual,27,m,online
name,6D,6,D,8C,8,C,AS,A,S,NA,TRUE,visual,36,m,online
name,3S,3,S,9H,9,H,4H,4,H,NA,FALSE,verbal,22,f,online
name,JS,J,S,3D,3,D,AH,A,H,NA,TRUE,visual,20,f,online
name,NA,NA,NA,6S,6,S,QD,Q,D,NA,TRUE,NA,29,f,online
name,QS,Q,S,KD,K,D,JC,J,C,NA,TRUE,both,30,m,online
name,NA,NA,NA,NA,NA,NA,NA,NA,NA,NA,TRUE,visual,23,f,online
name,7D,7,D,9S,9,S,2S,2,S,NA,TRUE,visual,29,m,online
name,4C,4,C,6D,6,D,AD,A,D,NA,FALSE,both,46,f,online
name,AS,A,S,JS,J,S,KH,K,H,NA,TRUE,both,24,f,online
name,NA,NA,NA,NA,NA,NA,NA,NA,NA,NA,TRUE,NA,23,m,online
name,AC,A,C,2D,2,D,10C,10,C,NA,TRUE,NA,45,f,online
name,QH,Q,H,KS,K,S,AS,A,S,NA,TRUE,both,29,f,online
name,KH,K,H,QH,Q,H,JH,J,H,NA,TRUE,visual,70,f,online
name,NA,NA,NA,NA,NA,NA,NA,NA,NA,NA,TRUE,visual,32,m,online
name,KH,K,H,AD,A,D,QS,Q,S,NA,TRUE,visual,62,f,online
name,7C,7,C,4D,4,D,QS,Q,S,NA,TRUE,verbal,50,f,online
name,QH,Q,H,JS,J,S,9H,9,H,NA,TRUE,both,31,m,online
name,AH,A,H,AS,A,S,10D,10,D,NA,TRUE,verbal,28,m,online
name,NA,NA,NA,NA,NA,NA,NA,NA,NA,NA,FALSE,both,45,f,online
name,NA,NA,NA,NA,NA,NA,NA,NA,NA,NA,TRUE,visual,48,m,online
name,6S,6,S,5S,5,S,4S,4,S,NA,FALSE,visual,43,f,online
name,QH,Q,H,AD,A,D,KD,K,D,NA,TRUE,visual,54,m,online
name,AD,A,D,KS,K,S,QH,Q,H,NA,TRUE,visual,65,m,online
name,AS,A,S,2S,2,S,3S,3,S,NA,TRUE,visual,61,m,online
name,AS,A,S,QD,Q,D,10H,10,H,NA,TRUE,both,44,m,online
name,NA,NA,NA,NA,NA,NA,NA,NA,NA,NA,TRUE,NA,47,m,online
name,NA,NA,NA,NA,NA,NA,NA,NA,NA,NA,TRUE,visual,57,m,online
name,JS,J,S,7D,7,D,3S,3,S,NA,FALSE,verbal,58,f,online
name,JD,J,D,AS,A,S,3H,3,H,NA,TRUE,visual,66,m,online
name,NA,NA,NA,NA,NA,NA,NA,NA,NA,NA,TRUE,visual,39,m,online
name,5H,5,H,AS,A,S,QD,Q,D,NA,TRUE,visual,34,m,online
name,3D,3,D,2D,2,D,AD,A,D,NA,TRUE,visual,73,m,online
name,4H,4,H,5D,5,D,NA,NA,NA,NA,TRUE,both,56,m,online
name,AS,A,S,QH,Q,H,KH,K,H,NA,TRUE,both,32,m,online
name,AH,A,H,9D,9,D,QS,Q,S,NA,TRUE,both,68,f,online
name,4D,4,D,KS,K,S,JS,J,S,NA,FALSE,visual,35,m,online
name,QH,Q,H,JD,J,D,AS,A,S,NA,TRUE,visual,58,m,online
name,AH,A,H,7S,7,S,QH,Q,H,NA,TRUE,both,32,m,online
name,2C,2,C,8D,8,D,JC,J,C,NA,FALSE,visual,49,f,online
name,10H,10,H,QS,Q,S,KD,K,D,NA,TRUE,visual,57,f,online
name,AH,A,H,QD,Q,D,KC,K,C,NA,TRUE,verbal,36,f,online
name,QH,Q,H,JS,J,S,AD,A,D,NA,TRUE,both,23,m,online
name,QS,Q,S,KD,K,D,10C,10,C,NA,TRUE,visual,25,f,online
name,QH,Q,H,10D,10,D,QS,Q,S,NA,TRUE,visual,21,m,online
name,NA,NA,NA,NA,NA,NA,NA,NA,NA,NA,TRUE,both,20,m,online
name,JC,J,C,10H,10,H,QD,Q,D,NA,FALSE,both,19,f,online
name,QH,Q,H,AS,A,S,NA,NA,NA,NA,TRUE,both,19,m,online
name,AS,A,S,QH,Q,H,7D,7,D,NA,TRUE,NA,25,m,online
name,10D,10,D,7H,7,H,AH,A,H,NA,TRUE,both,26,m,online
name,JS,J,S,4D,4,D,10C,10,C,NA,TRUE,visual,50,m,online
name,NA,NA,NA,NA,NA,NA,NA,NA,NA,NA,TRUE,visual,25,m,online
name,NA,NA,NA,NA,NA,NA,NA,NA,NA,NA,TRUE,verbal,27,m,online
name,KC,K,C,3H,3,H,10S,10,S,NA,TRUE,visual,21,m,online
name,NA,NA,NA,NA,NA,NA,NA,NA,NA,NA,TRUE,both,22,m,online
name,NA,NA,NA,NA,NA,NA,NA,NA,NA,NA,TRUE,NA,19,m,online
name,10H,10,H,QS,Q,S,3D,3,D,NA,TRUE,visual,19,m,online
name,QD,Q,D,JC,J,C,7S,7,S,NA,TRUE,visual,22,m,online
name,NA,NA,NA,NA,NA,NA,NA,NA,NA,NA,TRUE,both,25,m,online
name,AS,A,S,3H,3,H,5C,5,C,NA,TRUE,visual,18,f,online
name,NA,NA,NA,NA,NA,NA,NA,NA,NA,NA,TRUE,visual,20,m,online
name,QC,Q,C,7D,7,D,4D,4,D,NA,FALSE,visual,50,f,online
name,JS,J,S,4H,4,H,NA,NA,NA,NA,FALSE,both,24,f,online
name,NA,NA,NA,AS,A,S,3H,3,H,NA,TRUE,visual,20,f,online
name,5D,5,D,7D,7,D,QH,Q,H,NA,FALSE,visual,18,m,online
name,5H,5,H,5S,5,S,5C,5,C,NA,TRUE,both,21,m,online
name,7H,7,H,2S,2,S,8D,8,D,NA,TRUE,both,18,m,online
name,3S,3,S,QD,Q,D,7S,7,S,NA,TRUE,visual,20,m,online
name,JS,J,S,JD,J,D,6D,6,D,NA,TRUE,verbal,20,f,online
name,7S,7,S,AH,A,H,QD,Q,D,NA,FALSE,visual,21,f,online
name,QS,Q,S,JD,J,D,JC,J,C,NA,FALSE,visual,57,m,online
name,QH,Q,H,KH,K,H,JS,J,S,NA,TRUE,NA,22,m,online
name,3S,3,S,8H,8,H,QC,Q,C,NA,FALSE,both,19,m,online
name,JS,J,S,JH,J,H,QD,Q,D,NA,TRUE,visual,32,f,online
name,QH,Q,H,JD,J,D,5S,5,S,NA,TRUE,NA,44,m,online
name,AS,A,S,QH,Q,H,JD,J,D,NA,TRUE,visual,21,m,online
name,KH,K,H,QD,Q,D,2C,2,C,NA,TRUE,verbal,26,m,online
name,NA,NA,NA,NA,NA,NA,NA,NA,NA,NA,TRUE,both,21,m,online
name,NA,NA,NA,NA,NA,NA,NA,NA,NA,NA,TRUE,verbal,19,f,online
name,NA,NA,NA,NA,NA,NA,NA,NA,NA,NA,TRUE,verbal,19,m,online
name,QC,Q,C,3H,3,H,4D,4,D,NA,TRUE,visual,20,m,online
name,QH,Q,H,7S,7,S,3H,3,H,NA,TRUE,visual,18,m,online
name,QH,Q,H,AS,A,S,KS,K,S,NA,TRUE,visual,18,m,online
name,QD,Q,D,AS,A,S,4C,4,C,NA,TRUE,visual,22,m,online
name,NA,NA,NA,NA,NA,NA,NA,NA,NA,NA,TRUE,visual,21,m,online
name,QH,Q,H,KS,K,S,JD,J,D,NA,FALSE,both,21,m,online
name,2C,2,C,QD,Q,D,9H,9,H,NA,TRUE,NA,30,m,online
name,JS,J,S,4C,4,C,2H,2,H,NA,TRUE,both,21,m,online
name,JC,J,C,AS,A,S,10D,10,D,NA,TRUE,both,22,m,online
name,AS,A,S,9H,9,H,8D,8,D,NA,TRUE,visual,18,m,online
name,6C,6,C,3S,3,S,JS,J,S,NA,FALSE,verbal,22,f,online
name,AS,A,S,KD,K,D,QC,Q,C,NA,TRUE,both,65,m,online
name,QH,Q,H,7C,7,C,AS,A,S,NA,TRUE,visual,21,m,online
name,3S,3,S,8H,8,H,AD,A,D,NA,TRUE,NA,18,m,online
name,AS,A,S,AC,A,C,AD,A,D,NA,TRUE,both,19,f,online
name,4H,4,H,AS,A,S,QH,Q,H,NA,TRUE,visual,21,m,online
name,5S,5,S,KC,K,C,2C,2,C,NA,TRUE,visual,26,f,online
name,AS,A,S,10H,10,H,5D,5,D,NA,TRUE,visual,22,m,online
name,QC,Q,C,3H,3,H,9S,9,S,NA,FALSE,both,24,f,online
name,2H,2,H,5H,5,H,NA,NA,NA,NA,TRUE,verbal,25,m,online
name,NA,NA,NA,NA,NA,NA,NA,NA,NA,NA,TRUE,visual,32,m,online
name,KS,K,S,QH,Q,H,AS,A,S,NA,TRUE,visual,21,m,online
name,7H,7,H,4D,4,D,2S,2,S,NA,TRUE,both,18,m,online
name,6C,6,C,JH,J,H,9S,9,S,NA,FALSE,both,22,m,online
name,10S,10,S,3H,3,H,4D,4,D,NA,FALSE,NA,25,m,online
name,KH,K,H,2D,2,D,3S,3,S,NA,TRUE,verbal,19,f,online
name,JS,J,S,QH,Q,H,2D,2,D,NA,TRUE,both,24,m,online
name,JD,J,D,5S,5,S,4S,4,S,NA,TRUE,visual,21,m,online
name,4D,4,D,6S,6,S,10S,10,S,NA,FALSE,NA,23,m,online
name,3S,3,S,5D,5,D,JH,J,H,NA,FALSE,NA,27,m,online
name,NA,NA,NA,NA,NA,NA,NA,NA,NA,NA,TRUE,visual,20,m,online
name,KS,K,S,9S,9,S,AH,A,H,NA,FALSE,both,19,f,online
name,6S,6,S,7H,7,H,3C,3,C,NA,FALSE,both,24,f,online
name,NA,NA,NA,2H,2,H,3D,3,D,NA,TRUE,visual,23,f,online
name,AH,A,H,AD,A,D,8H,8,H,NA,TRUE,verbal,22,m,online
name,QH,Q,H,AS,A,S,KH,K,H,NA,TRUE,visual,21,m,online
name,AS,A,S,10D,10,D,4C,4,C,NA,TRUE,both,20,m,online
name,4H,4,H,3D,3,D,QD,Q,D,NA,TRUE,visual,18,m,online
name,NA,NA,NA,NA,NA,NA,NA,NA,NA,NA,TRUE,visual,19,m,online
name,QC,Q,C,4S,4,S,9H,9,H,NA,TRUE,verbal,25,f,online
name,NA,NA,NA,NA,NA,NA,NA,NA,NA,NA,TRUE,NA,18,m,online
name,KH,K,H,AS,A,S,JC,J,C,NA,FALSE,visual,22,m,online
name,7D,7,D,6H,6,H,QS,Q,S,NA,FALSE,visual,19,m,online
name,NA,NA,NA,NA,NA,NA,NA,NA,NA,NA,FALSE,both,46,m,online
name,AS,A,S,QH,Q,H,JC,J,C,NA,TRUE,NA,30,m,online
name,AD,A,D,3S,3,S,5C,5,C,NA,TRUE,both,18,m,online
name,10H,10,H,AD,A,D,KS,K,S,NA,FALSE,visual,22,f,online
name,QH,Q,H,AS,A,S,KC,K,C,NA,TRUE,both,20,m,online
name,AS,A,S,2C,2,C,7H,7,H,NA,TRUE,both,18,m,online
name,KD,K,D,JH,J,H,7C,7,C,NA,FALSE,both,19,m,online
name,2H,2,H,KC,K,C,8S,8,S,NA,FALSE,visual,22,m,online
name,NA,NA,NA,NA,NA,NA,NA,NA,NA,NA,TRUE,both,19,f,online
name,QH,Q,H,JD,J,D,KS,K,S,NA,TRUE,visual,19,m,online
name,QD,Q,D,AS,A,S,10D,10,D,NA,TRUE,both,26,m,online
name,8D,8,D,7S,7,S,4H,4,H,NA,TRUE,visual,22,m,online
name,QH,Q,H,NA,NA,NA,2S,2,S,NA,TRUE,visual,21,m,online
name,QH,Q,H,3D,3,D,5S,5,S,NA,TRUE,visual,30,m,online
name,NA,NA,NA,NA,NA,NA,NA,NA,NA,NA,TRUE,visual,24,f,online
name,7S,7,S,5H,5,H,AD,A,D,NA,TRUE,visual,21,m,online
name,QH,Q,H,KS,K,S,JH,J,H,NA,TRUE,verbal,19,m,online
name,AS,A,S,4H,4,H,QD,Q,D,NA,TRUE,visual,19,m,online
name,QH,Q,H,AS,A,S,KC,K,C,NA,TRUE,both,22,m,online
name,2S,2,S,JH,J,H,2D,2,D,NA,TRUE,visual,18,m,online
name,NA,NA,NA,NA,NA,NA,NA,NA,NA,NA,TRUE,visual,18,m,online
name,QH,Q,H,AS,A,S,AH,A,H,NA,TRUE,visual,21,m,online
name,AH,A,H,5S,5,S,6D,6,D,NA,TRUE,visual,21,m,online
name,NA,NA,NA,NA,NA,NA,NA,NA,NA,NA,TRUE,both,18,m,online
name,NA,NA,NA,NA,NA,NA,NA,NA,NA,NA,TRUE,visual,21,f,online
name,QH,Q,H,AS,A,S,9C,9,C,NA,TRUE,visual,50,m,online
name,NA,NA,NA,AS,A,S,KS,K,S,NA,TRUE,visual,18,m,online
name,NA,NA,NA,NA,NA,NA,NA,NA,NA,NA,TRUE,visual,20,m,online
name,KS,K,S,AH,A,H,2D,2,D,NA,TRUE,visual,20,m,online
name,JH,J,H,AS,A,S,4H,4,H,NA,TRUE,both,49,m,online
name,NA,NA,NA,NA,NA,NA,NA,NA,NA,NA,TRUE,both,22,m,online
name,JS,J,S,JH,J,H,4S,4,S,NA,TRUE,visual,22,m,online
name,AS,A,S,5H,5,H,KD,K,D,NA,TRUE,both,18,f,online
name,AS,A,S,QH,Q,H,QD,Q,D,NA,TRUE,both,18,f,online
name,NA,NA,NA,NA,NA,NA,NA,NA,NA,NA,FALSE,NA,18,m,online
name,NA,NA,NA,NA,NA,NA,NA,NA,NA,NA,TRUE,NA,19,m,online
name,NA,NA,NA,NA,NA,NA,NA,NA,NA,NA,TRUE,both,18,m,online
name,QH,Q,H,KS,K,S,JD,J,D,NA,TRUE,visual,55,m,online
name,AS,A,S,QH,Q,H,2C,2,C,NA,FALSE,both,23,m,online
name,QH,Q,H,KS,K,S,AC,A,C,NA,FALSE,both,19,m,online
name,NA,NA,NA,NA,NA,NA,NA,NA,NA,NA,TRUE,verbal,27,m,online
name,AS,A,S,AD,A,D,AC,A,C,NA,FALSE,visual,19,f,online
name,NA,NA,NA,NA,NA,NA,NA,NA,NA,NA,TRUE,visual,20,m,online
name,QS,Q,S,6S,6,S,QH,Q,H,NA,TRUE,NA,19,m,online
name,NA,NA,NA,NA,NA,NA,NA,NA,NA,NA,FALSE,visual,26,m,online
name,3S,3,S,5D,5,D,QH,Q,H,NA,TRUE,both,21,m,online
name,NA,NA,NA,NA,NA,NA,NA,NA,NA,NA,TRUE,visual,18,m,online
name,AS,A,S,4S,4,S,JD,J,D,NA,TRUE,visual,19,m,online
name,KH,K,H,QS,Q,S,10C,10,C,NA,TRUE,visual,18,m,online
name,QH,Q,H,KS,K,S,AD,A,D,NA,TRUE,visual,19,m,online
name,AS,A,S,QH,Q,H,JD,J,D,NA,TRUE,both,19,m,online
name,AS,A,S,AH,A,H,7D,7,D,NA,TRUE,visual,18,f,online
name,QH,Q,H,KS,K,S,KD,K,D,NA,TRUE,visual,20,m,online
name,AS,A,S,QS,Q,S,KS,K,S,NA,FALSE,NA,18,m,online
name,QH,Q,H,2D,2,D,3S,3,S,NA,TRUE,visual,22,m,online
name,3C,3,C,2S,2,S,QD,Q,D,NA,FALSE,visual,22,m,online
name,NA,NA,NA,JD,J,D,AH,A,H,NA,TRUE,both,19,m,online
name,AS,A,S,2H,2,H,3C,3,C,NA,TRUE,visual,18,f,online
name,QH,Q,H,AS,A,S,3D,3,D,NA,TRUE,visual,18,m,online
name,NA,NA,NA,NA,NA,NA,NA,NA,NA,NA,TRUE,visual,22,f,online
name,NA,NA,NA,NA,NA,NA,NA,NA,NA,NA,TRUE,visual,26,f,online
name,AS,A,S,6C,6,C,KH,K,H,NA,TRUE,visual,18,f,online
name,KH,K,H,2D,2,D,4C,4,C,NA,TRUE,visual,19,m,online
name,AS,A,S,10H,10,H,5D,5,D,NA,TRUE,visual,19,m,online
name,4H,4,H,6S,6,S,10D,10,D,NA,TRUE,both,21,m,online
name,NA,NA,NA,NA,NA,NA,NA,NA,NA,NA,TRUE,visual,19,m,online
name,JD,J,D,QD,Q,D,KD,K,D,NA,TRUE,visual,18,f,online
name,AH,A,H,KD,K,D,2S,2,S,NA,TRUE,visual,18,m,online
name,JC,J,C,7D,7,D,NA,NA,NA,NA,TRUE,both,18,f,online
name,NA,NA,NA,NA,NA,NA,NA,NA,NA,NA,TRUE,visual,32,m,online
name,QH,Q,H,AH,A,H,KH,K,H,NA,TRUE,both,38,m,online
name,JH,J,H,2S,2,S,3H,3,H,NA,TRUE,visual,23,m,online
name,AS,A,S,9D,9,D,KC,K,C,NA,TRUE,both,21,m,online
name,NA,NA,NA,NA,NA,NA,NA,NA,NA,NA,FALSE,visual,22,m,online
name,JS,J,S,10H,10,H,AC,A,C,NA,TRUE,visual,18,f,online
name,AS,A,S,QH,Q,H,2C,2,C,NA,TRUE,visual,19,m,online
name,NA,NA,NA,NA,NA,NA,NA,NA,NA,NA,TRUE,visual,18,f,online
name,NA,NA,NA,NA,NA,NA,NA,NA,NA,NA,TRUE,visual,19,m,online
name,KH,K,H,AS,A,S,2D,2,D,NA,FALSE,both,19,f,online
name,AS,A,S,2H,2,H,10D,10,D,NA,TRUE,visual,77,f,online
name,QS,Q,S,7D,7,D,6C,6,C,NA,FALSE,both,20,m,online
name,KS,K,S,8C,8,C,5D,5,D,NA,TRUE,visual,23,f,online
name,AS,A,S,2H,2,H,3C,3,C,NA,TRUE,visual,26,m,online
name,AH,A,H,9S,9,S,JS,J,S,NA,TRUE,visual,20,m,online
name,QS,Q,S,AH,A,H,JS,J,S,NA,TRUE,both,24,m,online
name,NA,NA,NA,NA,NA,NA,NA,NA,NA,NA,TRUE,visual,20,m,online
name,NA,NA,NA,NA,NA,NA,NA,NA,NA,NA,TRUE,visual,20,m,online
name,AS,A,S,2C,2,C,3D,3,D,NA,TRUE,NA,19,f,online
name,JH,J,H,JS,J,S,KS,K,S,NA,TRUE,both,19,f,online
name,KS,K,S,AH,A,H,3C,3,C,NA,TRUE,verbal,21,f,online
name,NA,NA,NA,NA,NA,NA,NA,NA,NA,NA,FALSE,visual,23,m,online
name,NA,NA,NA,NA,NA,NA,NA,NA,NA,NA,TRUE,visual,18,m,online
name,5H,5,H,JS,J,S,4D,4,D,NA,TRUE,visual,20,m,online
name,QD,Q,D,JS,J,S,AD,A,D,NA,TRUE,verbal,54,m,online
name,2C,2,C,QD,Q,D,3S,3,S,NA,TRUE,both,22,f,online
name,AH,A,H,10D,10,D,4C,4,C,NA,TRUE,visual,24,m,online
name,NA,NA,NA,NA,NA,NA,NA,NA,NA,NA,TRUE,visual,19,m,online
name,JS,J,S,7H,7,H,AS,A,S,NA,FALSE,visual,18,m,online
name,KH,K,H,AS,A,S,JC,J,C,NA,TRUE,visual,22,f,online
name,AS,A,S,6D,6,D,JH,J,H,NA,TRUE,both,18,m,online
name,AS,A,S,JD,J,D,2H,2,H,NA,TRUE,visual,21,m,online
name,7H,7,H,AC,A,C,8D,8,D,NA,TRUE,visual,21,m,online
name,6H,6,H,4S,4,S,9C,9,C,NA,FALSE,both,21,m,online
name,NA,NA,NA,NA,NA,NA,NA,NA,NA,NA,TRUE,visual,18,m,online
name,NA,NA,NA,NA,NA,NA,NA,NA,NA,NA,TRUE,visual,19,m,online
name,NA,NA,NA,NA,NA,NA,NA,NA,NA,NA,TRUE,both,19,f,online
name,NA,NA,NA,NA,NA,NA,NA,NA,NA,NA,TRUE,visual,21,m,online
name,NA,NA,NA,NA,NA,NA,NA,NA,NA,NA,TRUE,NA,19,m,online
name,NA,NA,NA,NA,NA,NA,NA,NA,NA,NA,TRUE,both,20,m,online
name,NA,NA,NA,NA,NA,NA,NA,NA,NA,NA,TRUE,visual,31,m,online
name,NA,NA,NA,NA,NA,NA,NA,NA,NA,NA,FALSE,visual,21,f,online
name,AS,A,S,QH,Q,H,JD,J,D,NA,TRUE,both,21,m,online
name,KD,K,D,JH,J,H,AS,A,S,NA,TRUE,verbal,67,f,online
name,AS,A,S,QH,Q,H,4D,4,D,NA,TRUE,both,70,m,online
name,NA,NA,NA,KH,K,H,QS,Q,S,NA,TRUE,NA,18,m,online
name,AS,A,S,2H,2,H,6C,6,C,NA,TRUE,visual,21,m,online
name,QS,Q,S,AH,A,H,KC,K,C,NA,TRUE,visual,19,m,online
name,AS,A,S,QH,Q,H,2D,2,D,NA,TRUE,both,26,m,online
name,NA,NA,NA,NA,NA,NA,NA,NA,NA,NA,FALSE,visual,18,m,online
name,3D,3,D,7C,7,C,JH,J,H,NA,FALSE,both,24,m,online
name,AS,A,S,QH,Q,H,JC,J,C,NA,TRUE,NA,24,m,online
name,8S,8,S,JC,J,C,AH,A,H,NA,TRUE,visual,21,m,online
name,3H,3,H,QH,Q,H,4C,4,C,NA,TRUE,visual,20,m,online
name,NA,NA,NA,NA,NA,NA,NA,NA,NA,NA,TRUE,visual,22,m,online
name,3D,3,D,QH,Q,H,2S,2,S,NA,TRUE,visual,21,m,online
name,NA,NA,NA,AS,A,S,AH,A,H,NA,TRUE,visual,18,f,online
name,KH,K,H,AS,A,S,JC,J,C,NA,TRUE,both,37,f,online
name,NA,NA,NA,NA,NA,NA,NA,NA,NA,NA,TRUE,visual,18,m,online
name,3S,3,S,AH,A,H,3C,3,C,NA,TRUE,visual,18,m,online
name,4H,4,H,3H,3,H,7D,7,D,NA,TRUE,both,18,m,online
name,4C,4,C,8H,8,H,2S,2,S,NA,FALSE,visual,40,m,online
name,QH,Q,H,AS,A,S,2H,2,H,NA,FALSE,visual,43,m,online
name,10H,10,H,QS,Q,S,AH,A,H,NA,TRUE,verbal,45,m,online
name,9D,9,D,QH,Q,H,10C,10,C,NA,TRUE,visual,61,m,online
name,AS,A,S,2D,2,D,5H,5,H,NA,TRUE,visual,29,m,online
name,AC,A,C,QH,Q,H,3D,3,D,NA,TRUE,both,22,m,online
name,AS,A,S,KH,K,H,2C,2,C,NA,TRUE,both,20,m,online
name,NA,NA,NA,NA,NA,NA,NA,NA,NA,NA,TRUE,visual,19,m,online
name,NA,NA,NA,NA,NA,NA,NA,NA,NA,NA,TRUE,NA,20,f,online
name,AS,A,S,7D,7,D,AH,A,H,NA,FALSE,visual,31,m,online
name,NA,NA,NA,NA,NA,NA,NA,NA,NA,NA,TRUE,visual,22,m,online
name,AH,A,H,10D,10,D,4C,4,C,NA,TRUE,visual,21,m,online
name,8H,8,H,JC,J,C,2C,2,C,NA,TRUE,both,18,f,online
name,QH,Q,H,JS,J,S,AS,A,S,NA,TRUE,visual,18,m,online
name,AS,A,S,KH,K,H,QD,Q,D,NA,TRUE,visual,20,m,online
name,KD,K,D,JS,J,S,4C,4,C,NA,TRUE,visual,30,f,online
name,NA,NA,NA,NA,NA,NA,5H,5,H,NA,TRUE,both,20,m,online
name,AS,A,S,2H,2,H,6C,6,C,NA,TRUE,visual,21,f,online
name,AS,A,S,QH,Q,H,3D,3,D,NA,TRUE,visual,18,m,online
name,AS,A,S,3H,3,H,7C,7,C,NA,TRUE,verbal,18,m,online
name,AS,A,S,QH,Q,H,4C,4,C,NA,TRUE,visual,18,f,online
name,AS,A,S,2H,2,H,5C,5,C,NA,TRUE,visual,22,m,online
name,3S,3,S,4C,4,C,JH,J,H,NA,TRUE,visual,22,m,online
name,NA,NA,NA,NA,NA,NA,NA,NA,NA,NA,TRUE,NA,22,m,online
name,AS,A,S,AD,A,D,KH,K,H,NA,TRUE,visual,19,m,online
name,NA,NA,NA,NA,NA,NA,NA,NA,NA,NA,FALSE,visual,20,m,online
name,KH,K,H,QH,Q,H,JH,J,H,NA,TRUE,visual,18,f,online
name,AD,A,D,KC,K,C,QH,Q,H,NA,TRUE,both,19,m,online
name,NA,NA,NA,NA,NA,NA,NA,NA,NA,NA,TRUE,both,22,m,online
name,QH,Q,H,KD,K,D,JS,J,S,NA,TRUE,both,18,f,online
name,AH,A,H,JS,J,S,9H,9,H,NA,TRUE,visual,20,m,online
name,QH,Q,H,10D,10,D,7S,7,S,NA,TRUE,both,56,m,online
name,AS,A,S,QH,Q,H,2D,2,D,NA,TRUE,visual,20,m,online
name,NA,NA,NA,NA,NA,NA,NA,NA,NA,NA,TRUE,both,19,m,online
name,KS,K,S,QD,Q,D,AC,A,C,NA,TRUE,visual,22,m,online
name,7C,7,C,AS,A,S,7S,7,S,NA,TRUE,visual,21,m,online
name,NA,NA,NA,NA,NA,NA,NA,NA,NA,NA,TRUE,both,23,m,online
name,QS,Q,S,KS,K,S,3H,3,H,NA,TRUE,NA,19,m,online
name,AH,A,H,8S,8,S,10D,10,D,NA,TRUE,both,18,m,online
name,AS,A,S,3C,3,C,5S,5,S,NA,TRUE,NA,20,f,online
name,JS,J,S,3H,3,H,7H,7,H,NA,TRUE,visual,25,f,online
name,NA,NA,NA,QH,Q,H,QD,Q,D,NA,TRUE,visual,24,m,online
name,JS,J,S,10H,10,H,3C,3,C,NA,TRUE,visual,18,f,online
name,5D,5,D,8C,8,C,4S,4,S,NA,FALSE,visual,19,m,online
name,NA,NA,NA,NA,NA,NA,NA,NA,NA,NA,FALSE,visual,19,f,online
name,2H,2,H,5S,5,S,JC,J,C,NA,TRUE,visual,21,f,online
name,7H,7,H,10S,10,S,QD,Q,D,NA,TRUE,both,20,m,online
name,6H,6,H,8D,8,D,7S,7,S,NA,TRUE,visual,18,f,online
name,5S,5,S,JH,J,H,8D,8,D,NA,TRUE,NA,20,m,online
name,AS,A,S,AH,A,H,5H,5,H,NA,TRUE,visual,23,f,online
name,AS,A,S,2H,2,H,3C,3,C,NA,TRUE,verbal,27,m,online
name,JD,J,D,QH,Q,H,AS,A,S,NA,TRUE,visual,55,f,online
name,QS,Q,S,4D,4,D,3C,3,C,NA,TRUE,NA,18,f,online
name,NA,NA,NA,NA,NA,NA,NA,NA,NA,NA,TRUE,visual,19,f,online
name,NA,NA,NA,NA,NA,NA,NA,NA,NA,NA,TRUE,both,46,m,online
name,AS,A,S,JH,J,H,2S,2,S,NA,TRUE,both,43,m,online
name,KC,K,C,QH,Q,H,2S,2,S,NA,FALSE,visual,48,f,online
name,JH,J,H,10S,10,S,6D,6,D,NA,TRUE,both,27,f,online
name,8C,8,C,2D,2,D,KH,K,H,NA,TRUE,both,26,f,online
name,AS,A,S,3H,3,H,5D,5,D,NA,TRUE,visual,23,f,online
visualise,AS,A,S,QH,Q,H,2C,2,C,NA,FALSE,visual,24,m,online
visualise,QH,Q,H,NA,NA,NA,2H,2,H,NA,TRUE,visual,22,m,online
visualise,8C,8,C,4D,4,D,JH,J,H,NA,FALSE,visual,35,m,online
visualise,2H,2,H,AS,A,S,10S,10,S,NA,TRUE,verbal,25,f,online
visualise,AH,A,H,QH,Q,H,QD,Q,D,NA,TRUE,verbal,50,m,online
visualise,AS,A,S,AH,A,H,QH,Q,H,NA,FALSE,visual,57,m,online
visualise,6C,6,C,4H,4,H,7D,7,D,NA,TRUE,visual,64,f,online
visualise,NA,NA,NA,3H,3,H,JS,J,S,NA,TRUE,visual,19,m,online
visualise,AH,A,H,AS,A,S,AD,A,D,NA,TRUE,verbal,20,m,online
visualise,AH,A,H,AS,A,S,7D,7,D,NA,TRUE,visual,23,f,online
visualise,8S,8,S,KH,K,H,7D,7,D,NA,TRUE,both,20,m,online
visualise,3C,3,C,7S,7,S,8D,8,D,NA,TRUE,NA,25,m,online
visualise,QH,Q,H,5S,5,S,3S,3,S,NA,TRUE,NA,19,m,online
visualise,10H,10,H,2S,2,S,3S,3,S,NA,TRUE,visual,54,f,online
visualise,QH,Q,H,10D,10,D,JS,J,S,NA,FALSE,verbal,63,m,online
visualise,4D,4,D,QD,Q,D,5S,5,S,NA,TRUE,visual,19,f,online
visualise,5S,5,S,3C,3,C,10H,10,H,NA,FALSE,NA,29,f,online
visualise,NA,NA,NA,2H,2,H,QC,Q,C,NA,FALSE,visual,21,m,online
visualise,5D,5,D,10S,10,S,JH,J,H,NA,TRUE,visual,24,f,online
visualise,5S,5,S,KD,K,D,QH,Q,H,NA,FALSE,visual,21,m,online
visualise,3D,3,D,AS,A,S,QH,Q,H,NA,FALSE,visual,19,f,online
visualise,KD,K,D,KH,K,H,8D,8,D,NA,TRUE,visual,21,m,online
visualise,QH,Q,H,KH,K,H,AH,A,H,NA,FALSE,visual,19,m,online
visualise,KH,K,H,2S,2,S,JD,J,D,NA,TRUE,visual,22,m,online
visualise,AH,A,H,AD,A,D,3D,3,D,NA,FALSE,visual,33,f,online
visualise,AS,A,S,QS,Q,S,KS,K,S,NA,TRUE,visual,19,f,online
visualise,NA,NA,NA,NA,NA,NA,NA,NA,NA,NA,TRUE,NA,20,m,online
visualise,4H,4,H,10D,10,D,6C,6,C,NA,TRUE,verbal,29,f,online
visualise,5D,5,D,AS,A,S,3C,3,C,NA,TRUE,visual,20,f,online
visualise,5H,5,H,8S,8,S,5S,5,S,NA,TRUE,visual,26,f,online
visualise,NA,NA,NA,NA,NA,NA,NA,NA,NA,NA,FALSE,both,39,f,online
visualise,QH,Q,H,KS,K,S,AD,A,D,NA,TRUE,visual,26,f,online
visualise,7H,7,H,8H,8,H,9H,9,H,NA,TRUE,visual,28,f,online
visualise,JD,J,D,5S,5,S,QH,Q,H,NA,FALSE,NA,18,m,online
visualise,8H,8,H,7D,7,D,10H,10,H,NA,TRUE,visual,18,m,online
visualise,KH,K,H,QH,Q,H,JD,J,D,NA,TRUE,both,38,m,online
visualise,AS,A,S,KH,K,H,2H,2,H,NA,FALSE,visual,19,f,online
visualise,AH,A,H,KS,K,S,3D,3,D,NA,TRUE,NA,39,m,online
visualise,9C,9,C,2D,2,D,7C,7,C,NA,TRUE,visual,40,m,online
visualise,KH,K,H,JS,J,S,AS,A,S,NA,TRUE,visual,22,f,online
visualise,NA,NA,NA,NA,NA,NA,NA,NA,NA,NA,TRUE,visual,21,f,online
visualise,NA,NA,NA,NA,NA,NA,NA,NA,NA,NA,TRUE,both,20,m,online
visualise,7D,7,D,QC,Q,C,2H,2,H,NA,TRUE,visual,60,f,online
visualise,KD,K,D,2S,2,S,3H,3,H,NA,TRUE,visual,34,m,online
visualise,3S,3,S,8D,8,D,4H,4,H,NA,TRUE,both,21,f,online
visualise,NA,NA,NA,NA,NA,NA,NA,NA,NA,NA,FALSE,visual,45,m,online
visualise,NA,NA,NA,QH,Q,H,8C,8,C,NA,TRUE,verbal,20,f,online
visualise,3C,3,C,4C,4,C,5C,5,C,NA,TRUE,visual,20,f,online
visualise,NA,NA,NA,NA,NA,NA,NA,NA,NA,NA,TRUE,visual,28,m,online
visualise,5H,5,H,8S,8,S,9S,9,S,NA,TRUE,visual,20,f,online
visualise,JH,J,H,AH,A,H,5D,5,D,NA,TRUE,visual,19,m,online
visualise,AS,A,S,QD,Q,D,2H,2,H,NA,TRUE,both,35,m,online
visualise,10H,10,H,5D,5,D,QS,Q,S,NA,FALSE,visual,28,m,online
visualise,KH,K,H,2S,2,S,JH,J,H,NA,TRUE,visual,19,m,online
visualise,QH,Q,H,AS,A,S,3C,3,C,NA,TRUE,both,18,f,online
visualise,AH,A,H,AD,A,D,AS,A,S,NA,TRUE,NA,19,m,online
visualise,KS,K,S,QS,Q,S,JS,J,S,NA,TRUE,both,21,f,online
visualise,NA,NA,NA,NA,NA,NA,AS,A,S,NA,TRUE,visual,25,m,online
visualise,7S,7,S,2D,2,D,3D,3,D,NA,FALSE,visual,47,f,online
visualise,KH,K,H,AH,A,H,2D,2,D,NA,TRUE,both,18,m,online
visualise,AS,A,S,AC,A,C,QH,Q,H,NA,TRUE,NA,50,f,online
visualise,6H,6,H,6C,6,C,2D,2,D,NA,TRUE,visual,18,m,online
visualise,AH,A,H,QH,Q,H,KH,K,H,NA,FALSE,visual,19,f,online
visualise,AH,A,H,2S,2,S,5C,5,C,NA,TRUE,visual,35,m,online
visualise,AS,A,S,KH,K,H,QD,Q,D,NA,TRUE,NA,19,f,online
visualise,NA,NA,NA,NA,NA,NA,NA,NA,NA,NA,TRUE,visual,21,m,online
visualise,7S,7,S,8H,8,H,9D,9,D,NA,TRUE,visual,24,m,online
visualise,6H,6,H,2S,2,S,KD,K,D,NA,TRUE,verbal,22,m,online
visualise,NA,NA,NA,NA,NA,NA,NA,NA,NA,NA,FALSE,verbal,28,f,online
visualise,KS,K,S,2D,2,D,3S,3,S,NA,TRUE,both,23,m,online
visualise,8H,8,H,3S,3,S,KD,K,D,NA,TRUE,both,55,f,online
visualise,KD,K,D,QD,Q,D,JD,J,D,NA,TRUE,visual,39,f,online
visualise,KH,K,H,QH,Q,H,NA,NA,NA,NA,FALSE,visual,27,f,online
visualise,QH,Q,H,KH,K,H,8C,8,C,NA,TRUE,both,21,m,online
visualise,QC,Q,C,KH,K,H,2D,2,D,NA,TRUE,visual,25,m,online
visualise,AH,A,H,JD,J,D,AS,A,S,NA,TRUE,visual,20,m,online
visualise,AS,A,S,10H,10,H,6C,6,C,NA,TRUE,both,20,m,online
visualise,QH,Q,H,KH,K,H,NA,NA,NA,NA,TRUE,both,45,m,online
visualise,9S,9,S,4H,4,H,10D,10,D,NA,TRUE,verbal,34,m,online
visualise,7H,7,H,8S,8,S,9C,9,C,NA,TRUE,visual,23,f,online
visualise,QH,Q,H,KH,K,H,KS,K,S,NA,TRUE,visual,19,m,online
visualise,NA,NA,NA,NA,NA,NA,NA,NA,NA,NA,FALSE,visual,22,m,online
visualise,7D,7,D,8D,8,D,2C,2,C,NA,FALSE,NA,50,f,online
visualise,4C,4,C,8D,8,D,QC,Q,C,NA,TRUE,visual,22,f,online
visualise,3H,3,H,7D,7,D,AS,A,S,NA,TRUE,visual,40,f,online
visualise,8C,8,C,3D,3,D,2S,2,S,NA,TRUE,verbal,22,f,online
visualise,4D,4,D,10H,10,H,5C,5,C,NA,TRUE,verbal,27,f,online
visualise,2C,2,C,3S,3,S,4H,4,H,NA,TRUE,visual,18,m,online
visualise,AS,A,S,5S,5,S,3S,3,S,NA,TRUE,NA,18,m,online
visualise,AH,A,H,4H,4,H,AS,A,S,NA,TRUE,visual,21,m,online
visualise,10H,10,H,2C,2,C,6D,6,D,NA,TRUE,both,50,m,online
visualise,QH,Q,H,AS,A,S,2H,2,H,NA,TRUE,both,18,m,online
visualise,AD,A,D,3C,3,C,5S,5,S,NA,TRUE,visual,25,m,online
visualise,3C,3,C,7C,7,C,AD,A,D,NA,TRUE,verbal,56,m,online
visualise,AS,A,S,QH,Q,H,3C,3,C,NA,TRUE,visual,18,m,online
visualise,KH,K,H,QD,Q,D,JS,J,S,NA,TRUE,NA,18,m,online
visualise,5C,5,C,6D,6,D,AS,A,S,NA,TRUE,NA,51,f,online
visualise,10C,10,C,7D,7,D,2H,2,H,NA,FALSE,visual,23,f,online
visualise,AS,A,S,10D,10,D,6C,6,C,NA,TRUE,both,20,m,online
visualise,3H,3,H,KS,K,S,5D,5,D,NA,TRUE,verbal,22,f,online
visualise,KC,K,C,7D,7,D,AS,A,S,NA,TRUE,visual,23,f,online
visualise,6D,6,D,QH,Q,H,5C,5,C,NA,TRUE,verbal,18,m,online
visualise,2H,2,H,3H,3,H,6H,6,H,NA,FALSE,both,20,m,online
visualise,AC,A,C,2H,2,H,AC,A,C,NA,TRUE,both,21,m,online
visualise,2D,2,D,3C,3,C,5D,5,D,NA,TRUE,visual,30,m,online
visualise,NA,NA,NA,5D,5,D,6H,6,H,NA,TRUE,verbal,23,m,online
visualise,AS,A,S,KH,K,H,4C,4,C,NA,TRUE,verbal,32,f,online
visualise,8H,8,H,3S,3,S,QS,Q,S,NA,TRUE,visual,24,m,online
visualise,AS,A,S,10C,10,C,5D,5,D,NA,FALSE,both,24,f,online
visualise,2H,2,H,2D,2,D,5D,5,D,NA,FALSE,visual,20,m,online
visualise,QS,Q,S,KD,K,D,QH,Q,H,NA,TRUE,visual,23,f,online
visualise,QD,Q,D,7S,7,S,9C,9,C,NA,TRUE,visual,19,m,online
visualise,8C,8,C,JC,J,C,QC,Q,C,NA,TRUE,both,68,f,online
visualise,KH,K,H,AS,A,S,QH,Q,H,NA,TRUE,visual,23,f,online
visualise,NA,NA,NA,NA,NA,NA,NA,NA,NA,NA,TRUE,visual,18,m,online
visualise,AS,A,S,KH,K,H,NA,NA,NA,NA,TRUE,visual,19,f,online
visualise,7C,7,C,8S,8,S,9H,9,H,NA,FALSE,verbal,22,f,online
visualise,AS,A,S,AH,A,H,KS,K,S,NA,TRUE,visual,19,m,online
visualise,NA,NA,NA,5H,5,H,8S,8,S,NA,FALSE,NA,29,m,online
visualise,NA,NA,NA,NA,NA,NA,NA,NA,NA,NA,TRUE,visual,29,f,online
visualise,10D,10,D,3C,3,C,7H,7,H,NA,FALSE,visual,36,f,online
visualise,KS,K,S,2C,2,C,3H,3,H,NA,TRUE,both,20,f,online
visualise,AH,A,H,7S,7,S,8D,8,D,NA,TRUE,verbal,19,f,online
visualise,8C,8,C,10D,10,D,4C,4,C,NA,TRUE,both,25,f,online
visualise,NA,NA,NA,JS,J,S,10H,10,H,NA,FALSE,NA,21,f,online
visualise,7C,7,C,AD,A,D,10S,10,S,NA,FALSE,verbal,19,m,online
visualise,AS,A,S,9C,9,C,6H,6,H,NA,TRUE,visual,21,m,online
visualise,4C,4,C,QS,Q,S,6S,6,S,NA,TRUE,NA,25,f,online
visualise,10D,10,D,10C,10,C,KS,K,S,NA,FALSE,both,57,m,online
visualise,AC,A,C,2H,2,H,4C,4,C,NA,TRUE,both,34,m,online
visualise,2C,2,C,4H,4,H,8S,8,S,NA,TRUE,visual,24,m,online
visualise,8D,8,D,3C,3,C,JS,J,S,NA,TRUE,visual,22,m,online
visualise,3H,3,H,JS,J,S,QS,Q,S,NA,FALSE,verbal,20,m,online
visualise,KH,K,H,KS,K,S,AS,A,S,NA,TRUE,both,22,f,online
visualise,7S,7,S,3H,3,H,5D,5,D,NA,TRUE,verbal,21,f,online
visualise,3D,3,D,7C,7,C,KH,K,H,NA,TRUE,visual,46,f,online
visualise,QH,Q,H,KS,K,S,2D,2,D,NA,TRUE,visual,24,m,online
visualise,AS,A,S,QD,Q,D,2C,2,C,NA,FALSE,visual,40,f,online
visualise,9H,9,H,AS,A,S,10S,10,S,NA,TRUE,verbal,18,f,online
visualise,AC,A,C,4C,4,C,5S,5,S,NA,TRUE,visual,18,f,online
visualise,4H,4,H,AS,A,S,QH,Q,H,NA,FALSE,visual,46,m,online
visualise,6D,6,D,2H,2,H,3C,3,C,NA,TRUE,visual,23,m,online
visualise,AS,A,S,AH,A,H,AD,A,D,NA,TRUE,both,24,f,online
visualise,2H,2,H,3H,3,H,AS,A,S,NA,TRUE,visual,19,m,online
visualise,8D,8,D,JS,J,S,4C,4,C,NA,TRUE,visual,21,m,online
visualise,2H,2,H,3C,3,C,4D,4,D,NA,FALSE,visual,34,f,online
visualise,AS,A,S,JS,J,S,QH,Q,H,NA,TRUE,visual,19,f,online
visualise,AD,A,D,KS,K,S,QH,Q,H,NA,TRUE,verbal,22,m,online
visualise,NA,NA,NA,NA,NA,NA,NA,NA,NA,NA,TRUE,visual,21,m,online
visualise,QH,Q,H,7S,7,S,JD,J,D,NA,FALSE,both,22,m,online
visualise,2D,2,D,KS,K,S,3C,3,C,NA,TRUE,both,20,m,online
visualise,3C,3,C,4C,4,C,5C,5,C,NA,FALSE,both,19,f,online
visualise,JC,J,C,QH,Q,H,KS,K,S,NA,TRUE,visual,18,m,online
visualise,KC,K,C,QS,Q,S,AS,A,S,NA,TRUE,verbal,27,m,online
visualise,NA,NA,NA,NA,NA,NA,NA,NA,NA,NA,TRUE,visual,21,m,online
visualise,AS,A,S,QH,Q,H,KS,K,S,NA,TRUE,visual,22,f,online
visualise,NA,NA,NA,NA,NA,NA,NA,NA,NA,NA,TRUE,visual,24,m,online
visualise,AS,A,S,KH,K,H,2D,2,D,NA,TRUE,visual,19,m,online
visualise,2S,2,S,KH,K,H,10C,10,C,NA,TRUE,visual,23,m,online
visualise,QH,Q,H,JS,J,S,6D,6,D,NA,TRUE,visual,19,m,online
visualise,7H,7,H,KC,K,C,JS,J,S,NA,FALSE,both,26,m,online
visualise,AS,A,S,KD,K,D,9H,9,H,NA,FALSE,visual,21,f,online
visualise,AH,A,H,QH,Q,H,AD,A,D,NA,TRUE,visual,18,m,online
visualise,AH,A,H,KC,K,C,QD,Q,D,NA,TRUE,visual,20,f,online
visualise,AH,A,H,10C,10,C,JD,J,D,NA,TRUE,visual,21,m,online
visualise,JS,J,S,QD,Q,D,3H,3,H,NA,TRUE,visual,21,f,online
visualise,AS,A,S,AH,A,H,AC,A,C,NA,FALSE,NA,18,f,online
visualise,QH,Q,H,4C,4,C,8D,8,D,NA,TRUE,visual,22,m,online
visualise,AS,A,S,KC,K,C,2H,2,H,NA,TRUE,verbal,21,f,online
visualise,KH,K,H,NA,NA,NA,AD,A,D,NA,TRUE,both,21,m,online
visualise,AS,A,S,AH,A,H,2H,2,H,NA,TRUE,visual,21,f,online
visualise,QH,Q,H,2S,2,S,2C,2,C,NA,FALSE,visual,20,m,online
visualise,AS,A,S,AH,A,H,AD,A,D,NA,FALSE,both,18,m,online
visualise,AS,A,S,7D,7,D,9H,9,H,NA,TRUE,NA,19,m,online
visualise,7D,7,D,6C,6,C,9H,9,H,NA,TRUE,verbal,19,m,online
visualise,5H,5,H,QH,Q,H,JC,J,C,NA,TRUE,visual,21,m,online
visualise,QH,Q,H,2S,2,S,5C,5,C,NA,TRUE,both,20,f,online
visualise,AS,A,S,JH,J,H,QS,Q,S,NA,TRUE,visual,19,f,online
visualise,KH,K,H,3D,3,D,6S,6,S,NA,TRUE,both,22,f,online
visualise,KS,K,S,KH,K,H,7H,7,H,NA,TRUE,visual,24,m,online
visualise,AH,A,H,QH,Q,H,JS,J,S,NA,TRUE,both,21,m,online
visualise,QH,Q,H,JS,J,S,9C,9,C,NA,FALSE,both,20,m,online
visualise,8S,8,S,3D,3,D,JC,J,C,NA,FALSE,visual,21,m,online
visualise,JS,J,S,AS,A,S,KH,K,H,NA,TRUE,visual,21,f,online
visualise,JS,J,S,AS,A,S,QH,Q,H,NA,TRUE,visual,33,f,online
visualise,AH,A,H,2H,2,H,8S,8,S,NA,TRUE,visual,20,m,online
visualise,KC,K,C,3H,3,H,4S,4,S,NA,TRUE,visual,18,m,online
visualise,NA,NA,NA,NA,NA,NA,NA,NA,NA,NA,FALSE,both,20,m,online
visualise,JH,J,H,3C,3,C,AD,A,D,NA,TRUE,both,80,f,online
visualise,QD,Q,D,QS,Q,S,AS,A,S,NA,TRUE,visual,18,m,online
visualise,6C,6,C,7S,7,S,QD,Q,D,NA,FALSE,visual,22,m,online
visualise,NA,NA,NA,KC,K,C,8H,8,H,NA,FALSE,both,21,f,online
visualise,KC,K,C,JD,J,D,AH,A,H,NA,FALSE,visual,23,f,online
visualise,3D,3,D,AS,A,S,2H,2,H,NA,TRUE,visual,20,m,online
visualise,NA,NA,NA,KH,K,H,KD,K,D,NA,FALSE,visual,19,f,online
visualise,2D,2,D,3C,3,C,4H,4,H,NA,TRUE,visual,20,f,online
visualise,AS,A,S,QH,Q,H,JS,J,S,NA,TRUE,visual,25,m,online
visualise,QH,Q,H,AS,A,S,KD,K,D,NA,TRUE,visual,22,m,online
visualise,JH,J,H,QS,Q,S,3D,3,D,NA,TRUE,both,18,m,online
visualise,QS,Q,S,KS,K,S,JS,J,S,NA,TRUE,both,19,f,online
visualise,AH,A,H,KS,K,S,JS,J,S,NA,TRUE,both,25,m,online
visualise,2C,2,C,2S,2,S,2D,2,D,NA,TRUE,both,19,m,online
visualise,AH,A,H,7D,7,D,QH,Q,H,NA,TRUE,visual,18,m,online
visualise,AS,A,S,QH,Q,H,7S,7,S,NA,TRUE,verbal,21,m,online
visualise,NA,NA,NA,4C,4,C,KH,K,H,NA,FALSE,visual,20,f,online
visualise,AD,A,D,KH,K,H,JS,J,S,NA,TRUE,both,20,f,online
visualise,2C,2,C,10D,10,D,7C,7,C,NA,FALSE,visual,24,m,online
visualise,10H,10,H,4S,4,S,QH,Q,H,NA,TRUE,visual,23,m,online
visualise,2D,2,D,AD,A,D,3D,3,D,NA,TRUE,visual,20,m,online
visualise,QS,Q,S,5D,5,D,3D,3,D,NA,TRUE,visual,20,f,online
visualise,QS,Q,S,3H,3,H,8H,8,H,NA,FALSE,both,21,m,online
visualise,10H,10,H,QH,Q,H,JH,J,H,NA,TRUE,verbal,23,f,online
visualise,6S,6,S,4D,4,D,3H,3,H,NA,TRUE,both,22,m,online
visualise,QH,Q,H,7S,7,S,7H,7,H,NA,TRUE,visual,25,m,online
visualise,NA,NA,NA,NA,NA,NA,NA,NA,NA,NA,TRUE,visual,21,m,online
visualise,10H,10,H,JS,J,S,AH,A,H,NA,TRUE,visual,26,f,online
visualise,AS,A,S,QH,Q,H,2C,2,C,NA,FALSE,both,21,m,online
visualise,AH,A,H,8C,8,C,4D,4,D,NA,TRUE,visual,21,m,online
visualise,NA,NA,NA,NA,NA,NA,NA,NA,NA,NA,FALSE,visual,21,f,online
visualise,QH,Q,H,AS,A,S,3D,3,D,NA,TRUE,NA,19,f,online
visualise,KH,K,H,QH,Q,H,3S,3,S,NA,TRUE,verbal,22,m,online
visualise,AS,A,S,QH,Q,H,2D,2,D,NA,TRUE,visual,19,m,online
visualise,AS,A,S,8H,8,H,3D,3,D,NA,TRUE,verbal,19,f,online
visualise,5C,5,C,5S,5,S,5H,5,H,NA,FALSE,visual,19,m,online
visualise,8C,8,C,3S,3,S,7D,7,D,NA,FALSE,visual,19,m,online
visualise,5H,5,H,10D,10,D,QS,Q,S,NA,TRUE,visual,23,m,online
visualise,3H,3,H,2D,2,D,7C,7,C,NA,TRUE,both,20,f,online
visualise,6C,6,C,NA,NA,NA,QC,Q,C,NA,TRUE,both,29,m,online
visualise,QH,Q,H,KS,K,S,3H,3,H,NA,TRUE,both,19,f,online
visualise,AH,A,H,2S,2,S,KS,K,S,NA,TRUE,visual,18,m,online
visualise,KH,K,H,QH,Q,H,AH,A,H,NA,TRUE,both,18,m,online
visualise,2H,2,H,JD,J,D,AS,A,S,NA,TRUE,visual,25,f,online
visualise,NA,NA,NA,7D,7,D,10S,10,S,NA,TRUE,visual,19,m,online
visualise,JD,J,D,3C,3,C,4H,4,H,NA,TRUE,visual,18,m,online
visualise,AH,A,H,9D,9,D,4H,4,H,NA,TRUE,visual,18,m,online
visualise,AH,A,H,8D,8,D,KS,K,S,NA,TRUE,NA,18,m,online
visualise,8D,8,D,2S,2,S,QH,Q,H,NA,TRUE,both,21,m,online
visualise,QS,Q,S,7C,7,C,JH,J,H,NA,TRUE,visual,19,m,online
visualise,NA,NA,NA,3D,3,D,2S,2,S,NA,TRUE,visual,19,f,online
visualise,KD,K,D,2S,2,S,8C,8,C,NA,TRUE,visual,19,f,online
visualise,3D,3,D,8C,8,C,6C,6,C,NA,FALSE,both,19,f,online
visualise,QD,Q,D,4H,4,H,JC,J,C,NA,TRUE,both,28,f,online
visualise,QS,Q,S,KC,K,C,3D,3,D,NA,TRUE,verbal,18,f,online
visualise,8H,8,H,AD,A,D,7S,7,S,NA,TRUE,visual,19,m,online
visualise,6S,6,S,9H,9,H,4H,4,H,NA,FALSE,both,18,f,online
visualise,KD,K,D,2S,2,S,6H,6,H,NA,TRUE,verbal,18,m,online
visualise,10H,10,H,QH,Q,H,KS,K,S,NA,TRUE,visual,18,m,online
visualise,JS,J,S,AH,A,H,7D,7,D,NA,TRUE,verbal,19,m,online
visualise,KH,K,H,QH,Q,H,JH,J,H,NA,TRUE,both,18,f,online
visualise,NA,NA,NA,NA,NA,NA,NA,NA,NA,NA,TRUE,verbal,21,m,online
visualise,QH,Q,H,AD,A,D,8S,8,S,NA,TRUE,both,21,m,online
visualise,5H,5,H,3C,3,C,5D,5,D,NA,TRUE,both,20,m,online
visualise,8C,8,C,AH,A,H,9D,9,D,NA,TRUE,visual,18,f,online
visualise,5S,5,S,5S,5,S,5S,5,S,NA,FALSE,visual,19,f,online
visualise,QH,Q,H,8S,8,S,JC,J,C,NA,TRUE,visual,27,m,online
visualise,AH,A,H,KS,K,S,2H,2,H,NA,TRUE,visual,21,m,online
visualise,NA,NA,NA,NA,NA,NA,NA,NA,NA,NA,FALSE,NA,23,f,online
visualise,7H,7,H,5D,5,D,KS,K,S,NA,FALSE,visual,22,f,online
visualise,AS,A,S,KH,K,H,8C,8,C,NA,TRUE,both,20,m,online
visualise,10D,10,D,4S,4,S,6D,6,D,NA,TRUE,visual,24,m,online
visualise,NA,NA,NA,NA,NA,NA,NA,NA,NA,NA,TRUE,visual,20,m,online
visualise,QH,Q,H,6S,6,S,7C,7,C,NA,TRUE,visual,18,m,online
visualise,QH,Q,H,JD,J,D,KS,K,S,NA,TRUE,visual,18,m,online
visualise,8D,8,D,2H,2,H,3S,3,S,NA,TRUE,both,24,m,online
visualise,QS,Q,S,6S,6,S,AS,A,S,NA,FALSE,NA,20,m,online
visualise,AS,A,S,KH,K,H,JC,J,C,NA,TRUE,verbal,20,m,online
visualise,2C,2,C,AS,A,S,QH,Q,H,NA,TRUE,visual,20,m,online
visualise,QH,Q,H,2D,2,D,JD,J,D,NA,FALSE,visual,20,m,online
visualise,NA,NA,NA,NA,NA,NA,NA,NA,NA,NA,TRUE,visual,20,f,online
visualise,10H,10,H,8C,8,C,3D,3,D,NA,TRUE,both,25,m,online
visualise,AH,A,H,10C,10,C,AS,A,S,NA,TRUE,visual,18,m,online
visualise,NA,NA,NA,NA,NA,NA,NA,NA,NA,NA,TRUE,visual,18,m,online
visualise,8H,8,H,6D,6,D,9S,9,S,NA,TRUE,visual,21,m,online
visualise,NA,NA,NA,NA,NA,NA,NA,NA,NA,NA,TRUE,both,18,m,online
visualise,AS,A,S,QH,Q,H,JS,J,S,NA,TRUE,NA,20,f,online
visualise,NA,NA,NA,NA,NA,NA,NA,NA,NA,NA,TRUE,visual,20,m,online
visualise,AS,A,S,3H,3,H,5D,5,D,NA,TRUE,both,18,f,online
visualise,QH,Q,H,AS,A,S,KH,K,H,NA,TRUE,visual,18,m,online
visualise,AS,A,S,QH,Q,H,NA,NA,NA,NA,TRUE,both,18,m,online
visualise,AS,A,S,QH,Q,H,6D,6,D,NA,TRUE,both,20,f,online
visualise,QH,Q,H,AS,A,S,AD,A,D,NA,FALSE,both,21,m,online
visualise,8C,8,C,4H,4,H,3S,3,S,NA,FALSE,visual,19,m,online
visualise,2H,2,H,AS,A,S,KD,K,D,NA,TRUE,NA,19,m,online
visualise,JH,J,H,KS,K,S,KH,K,H,NA,TRUE,visual,19,m,online
visualise,2H,2,H,JS,J,S,QH,Q,H,NA,TRUE,both,20,m,online
visualise,2C,2,C,3C,3,C,9H,9,H,NA,FALSE,visual,18,m,online
visualise,NA,NA,NA,NA,NA,NA,NA,NA,NA,NA,TRUE,visual,21,m,online
visualise,QD,Q,D,JS,J,S,8H,8,H,NA,TRUE,both,23,m,online
visualise,3H,3,H,4S,4,S,KS,K,S,NA,FALSE,visual,22,m,online
visualise,AS,A,S,KD,K,D,4C,4,C,NA,TRUE,verbal,18,f,online
visualise,QD,Q,D,2C,2,C,3D,3,D,NA,TRUE,visual,18,m,online
visualise,8C,8,C,JH,J,H,QH,Q,H,NA,FALSE,visual,18,m,online
visualise,7S,7,S,7C,7,C,3H,3,H,NA,TRUE,both,20,f,online
visualise,AS,A,S,JC,J,C,KH,K,H,NA,FALSE,verbal,18,m,online
visualise,AH,A,H,5C,5,C,3C,3,C,NA,TRUE,NA,28,f,online
visualise,JS,J,S,QH,Q,H,8D,8,D,NA,TRUE,both,20,m,online
visualise,5H,5,H,AS,A,S,7D,7,D,NA,TRUE,visual,18,m,online
visualise,NA,NA,NA,10C,10,C,AS,A,S,NA,TRUE,both,21,f,online
visualise,AD,A,D,KC,K,C,2H,2,H,NA,TRUE,both,27,m,online
visualise,AS,A,S,KH,K,H,3C,3,C,NA,TRUE,visual,24,f,online
visualise,AS,A,S,KH,K,H,8C,8,C,NA,TRUE,visual,19,m,online
visualise,QH,Q,H,AS,A,S,JH,J,H,NA,TRUE,NA,18,m,online
visualise,KC,K,C,AS,A,S,7S,7,S,NA,FALSE,visual,19,f,online
visualise,AH,A,H,AS,A,S,JH,J,H,NA,TRUE,visual,20,m,online
visualise,AH,A,H,3C,3,C,5H,5,H,NA,TRUE,visual,23,m,online
visualise,AS,A,S,QH,Q,H,KD,K,D,NA,TRUE,NA,27,m,online
visualise,NA,NA,NA,NA,NA,NA,NA,NA,NA,NA,FALSE,visual,18,m,online
visualise,AD,A,D,AS,A,S,KC,K,C,NA,TRUE,visual,19,m,online
visualise,QD,Q,D,AH,A,H,3C,3,C,NA,TRUE,visual,23,m,online
visualise,AD,A,D,QH,Q,H,KC,K,C,NA,TRUE,both,18,m,online
visualise,NA,NA,NA,AS,A,S,NA,NA,NA,NA,TRUE,both,19,f,online
visualise,KD,K,D,QH,Q,H,3D,3,D,NA,TRUE,visual,18,f,online
visualise,4S,4,S,8H,8,H,JC,J,C,NA,FALSE,verbal,48,m,online
visualise,QS,Q,S,AH,A,H,10D,10,D,NA,TRUE,visual,22,m,online
visualise,AS,A,S,4C,4,C,2S,2,S,NA,TRUE,both,19,f,online
visualise,AS,A,S,2C,2,C,KH,K,H,NA,TRUE,visual,21,m,online
visualise,QH,Q,H,AS,A,S,8H,8,H,NA,TRUE,visual,19,m,online
visualise,7D,7,D,10C,10,C,JS,J,S,NA,FALSE,visual,18,f,online
visualise,QH,Q,H,8D,8,D,AS,A,S,NA,TRUE,verbal,18,m,online
visualise,7D,7,D,5S,5,S,8C,8,C,NA,TRUE,verbal,20,m,online
visualise,AS,A,S,QH,Q,H,AC,A,C,NA,TRUE,visual,19,m,online
visualise,8D,8,D,4C,4,C,QH,Q,H,NA,TRUE,verbal,22,m,online
visualise,AS,A,S,QH,Q,H,JD,J,D,NA,FALSE,both,20,m,online
visualise,3D,3,D,10H,10,H,JS,J,S,NA,TRUE,visual,21,m,online
visualise,8S,8,S,5H,5,H,7H,7,H,NA,TRUE,both,18,m,online
visualise,NA,NA,NA,2C,2,C,5H,5,H,NA,TRUE,both,18,f,online
visualise,AS,A,S,KH,K,H,2S,2,S,NA,TRUE,visual,27,m,online
visualise,AS,A,S,10S,10,S,2H,2,H,NA,FALSE,both,18,f,online
visualise,10H,10,H,QS,Q,S,3D,3,D,NA,TRUE,visual,27,m,online
visualise,3S,3,S,7H,7,H,4C,4,C,NA,TRUE,both,23,m,online
visualise,KH,K,H,JS,J,S,2S,2,S,NA,TRUE,visual,18,f,online
visualise,3D,3,D,6S,6,S,JH,J,H,NA,TRUE,both,22,f,online
visualise,3S,3,S,3C,3,C,KH,K,H,NA,TRUE,both,18,m,online
visualise,10C,10,C,7D,7,D,QS,Q,S,NA,TRUE,both,18,f,online
visualise,AS,A,S,QS,Q,S,2C,2,C,NA,TRUE,visual,18,m,online
visualise,KD,K,D,AS,A,S,QH,Q,H,NA,TRUE,visual,23,f,online
visualise,AH,A,H,JS,J,S,QH,Q,H,NA,TRUE,both,24,m,online
visualise,7S,7,S,3D,3,D,2C,2,C,NA,TRUE,both,22,f,online
visualise,AS,A,S,QH,Q,H,2H,2,H,NA,TRUE,visual,19,m,online
visualise,AH,A,H,7S,7,S,4D,4,D,NA,TRUE,visual,22,f,online
visualise,AS,A,S,AH,A,H,7C,7,C,NA,TRUE,both,18,f,online
visualise,5H,5,H,3C,3,C,AH,A,H,NA,TRUE,visual,21,m,online
visualise,AS,A,S,2H,2,H,10C,10,C,NA,TRUE,verbal,18,m,online
visualise,10D,10,D,KH,K,H,3H,3,H,NA,TRUE,visual,19,f,online
visualise,8D,8,D,3S,3,S,3H,3,H,NA,TRUE,both,19,f,online
visualise,QH,Q,H,JC,J,C,KD,K,D,NA,TRUE,NA,22,m,online
visualise,AH,A,H,QS,Q,S,8D,8,D,NA,TRUE,visual,18,m,online
visualise,AS,A,S,QH,Q,H,3C,3,C,NA,TRUE,visual,19,m,online
visualise,8S,8,S,KC,K,C,QH,Q,H,NA,TRUE,both,18,f,online
visualise,4D,4,D,3H,3,H,JC,J,C,NA,TRUE,visual,20,f,online
visualise,8S,8,S,AS,A,S,5D,5,D,NA,TRUE,visual,18,f,online
visualise,AS,A,S,5C,5,C,3H,3,H,NA,TRUE,visual,23,f,online
visualise,JH,J,H,AS,A,S,JC,J,C,NA,TRUE,both,18,m,online
visualise,AH,A,H,4C,4,C,AS,A,S,NA,TRUE,visual,20,m,online
visualise,4H,4,H,7H,7,H,9H,9,H,NA,TRUE,visual,46,m,online
visualise,AH,A,H,AS,A,S,3D,3,D,NA,TRUE,visual,18,f,online
visualise,AH,A,H,2S,2,S,3D,3,D,NA,TRUE,visual,19,m,online
visualise,8C,8,C,6S,6,S,3D,3,D,NA,TRUE,NA,27,f,online
visualise,AS,A,S,QH,Q,H,2S,2,S,NA,TRUE,verbal,19,m,online
visualise,AH,A,H,QH,Q,H,7H,7,H,NA,TRUE,both,27,m,online
visualise,AS,A,S,6H,6,H,2C,2,C,NA,TRUE,visual,18,m,online
visualise,QH,Q,H,2S,2,S,7D,7,D,NA,TRUE,visual,20,m,online
visualise,AD,A,D,AS,A,S,KC,K,C,NA,TRUE,NA,20,m,online
visualise,NA,NA,NA,AS,A,S,KS,K,S,NA,TRUE,visual,26,m,online
visualise,8C,8,C,AS,A,S,4D,4,D,NA,TRUE,visual,18,f,online
visualise,JS,J,S,AS,A,S,KS,K,S,NA,TRUE,visual,21,m,online
visualise,9H,9,H,QD,Q,D,3S,3,S,NA,TRUE,visual,21,m,online
visualise,AH,A,H,JD,J,D,7H,7,H,NA,TRUE,NA,20,m,online
visualise,NA,NA,NA,NA,NA,NA,NA,NA,NA,NA,TRUE,visual,21,m,online
visualise,KH,K,H,AH,A,H,3S,3,S,NA,TRUE,verbal,21,m,online
visualise,8H,8,H,9C,9,C,8C,8,C,NA,TRUE,visual,20,m,online
visualise,NA,NA,NA,NA,NA,NA,NA,NA,NA,NA,TRUE,visual,20,f,online
visualise,AS,A,S,2H,2,H,5D,5,D,NA,TRUE,visual,26,m,online
visualise,NA,NA,NA,NA,NA,NA,NA,NA,NA,NA,TRUE,NA,21,m,online
visualise,AS,A,S,2H,2,H,AH,A,H,NA,TRUE,verbal,20,m,online
visualise,8H,8,H,KS,K,S,QH,Q,H,NA,TRUE,visual,24,f,online
visualise,8C,8,C,QH,Q,H,2H,2,H,NA,TRUE,visual,22,m,online
visualise,6C,6,C,6S,6,S,QH,Q,H,NA,TRUE,NA,21,m,online
visualise,NA,NA,NA,NA,NA,NA,NA,NA,NA,NA,FALSE,verbal,23,m,online
visualise,AS,A,S,JC,J,C,JC,J,C,NA,TRUE,visual,20,f,online
visualise,AS,A,S,QH,Q,H,3C,3,C,NA,TRUE,NA,18,m,online
visualise,AS,A,S,JH,J,H,5C,5,C,NA,TRUE,visual,21,m,online
visualise,2S,2,S,4D,4,D,5C,5,C,NA,TRUE,visual,21,f,online
visualise,NA,NA,NA,NA,NA,NA,NA,NA,NA,NA,TRUE,verbal,18,m,online
visualise,NA,NA,NA,NA,NA,NA,NA,NA,NA,NA,TRUE,NA,22,f,online
visualise,AH,A,H,8S,8,S,KD,K,D,NA,TRUE,both,21,m,online
visualise,AS,A,S,2S,2,S,3S,3,S,NA,FALSE,visual,19,m,online
visualise,AS,A,S,QH,Q,H,JS,J,S,NA,TRUE,both,18,m,online
visualise,QH,Q,H,AS,A,S,KD,K,D,NA,TRUE,visual,22,m,online
visualise,AH,A,H,7S,7,S,2D,2,D,NA,TRUE,visual,22,m,online
visualise,NA,NA,NA,NA,NA,NA,NA,NA,NA,NA,TRUE,visual,26,m,online
visualise,QS,Q,S,10C,10,C,2H,2,H,NA,TRUE,both,20,f,online
visualise,QH,Q,H,4D,4,D,AS,A,S,NA,TRUE,visual,23,m,online
visualise,QH,Q,H,KH,K,H,AH,A,H,NA,FALSE,both,22,f,online
visualise,2D,2,D,4S,4,S,3H,3,H,NA,TRUE,visual,22,m,online
visualise,JH,J,H,NA,NA,NA,AD,A,D,NA,TRUE,both,18,m,online
visualise,AH,A,H,2D,2,D,JS,J,S,NA,FALSE,both,19,m,online
visualise,3H,3,H,NA,NA,NA,5H,5,H,NA,TRUE,verbal,18,m,online
visualise,AD,A,D,7C,7,C,8H,8,H,NA,TRUE,visual,18,m,online
visualise,QH,Q,H,7C,7,C,JS,J,S,NA,FALSE,visual,22,f,online
visualise,NA,NA,NA,NA,NA,NA,NA,NA,NA,NA,FALSE,NA,20,f,online
visualise,JD,J,D,7C,7,C,3D,3,D,NA,TRUE,NA,21,m,online
visualise,QD,Q,D,3S,3,S,2S,2,S,NA,TRUE,visual,22,m,online
visualise,JS,J,S,3H,3,H,AS,A,S,NA,TRUE,both,22,m,online
visualise,AH,A,H,8C,8,C,7D,7,D,NA,TRUE,visual,22,f,online
visualise,AH,A,H,JS,J,S,QD,Q,D,NA,TRUE,visual,19,f,online
visualise,7H,7,H,QD,Q,D,KS,K,S,NA,TRUE,visual,21,m,online
visualise,AS,A,S,8H,8,H,7C,7,C,NA,FALSE,verbal,22,f,online
visualise,AS,A,S,10C,10,C,QH,Q,H,NA,TRUE,visual,28,f,online
visualise,2H,2,H,3H,3,H,7H,7,H,NA,TRUE,visual,21,m,online
visualise,QH,Q,H,KS,K,S,AS,A,S,NA,TRUE,visual,53,m,online
visualise,QH,Q,H,3D,3,D,AS,A,S,NA,TRUE,visual,21,m,online
visualise,2C,2,C,8H,8,H,JD,J,D,NA,FALSE,both,19,m,online
visualise,8C,8,C,10S,10,S,NA,NA,NA,NA,TRUE,visual,22,f,online
visualise,QH,Q,H,JC,J,C,2D,2,D,NA,TRUE,both,24,f,online
visualise,AS,A,S,8D,8,D,3D,3,D,NA,TRUE,NA,21,m,online
visualise,AS,A,S,2H,2,H,3C,3,C,NA,FALSE,visual,21,f,online
visualise,5C,5,C,7C,7,C,KH,K,H,NA,TRUE,both,21,f,online
visualise,AS,A,S,QH,Q,H,6S,6,S,NA,TRUE,NA,20,m,online
visualise,3C,3,C,3D,3,D,7C,7,C,NA,TRUE,visual,60,m,online
visualise,5H,5,H,6C,6,C,KS,K,S,NA,FALSE,visual,22,f,online
visualise,AS,A,S,AH,A,H,2S,2,S,NA,TRUE,visual,19,f,online
visualise,3H,3,H,AS,A,S,JC,J,C,NA,TRUE,NA,61,m,online
visualise,3S,3,S,JD,J,D,4H,4,H,NA,TRUE,visual,21,m,online
visualise,5C,5,C,AH,A,H,10C,10,C,NA,TRUE,verbal,21,m,online
visualise,QH,Q,H,JD,J,D,9H,9,H,NA,TRUE,verbal,21,m,online
visualise,3D,3,D,7S,7,S,JH,J,H,NA,TRUE,both,59,f,online
visualise,3H,3,H,2S,2,S,NA,NA,NA,NA,TRUE,both,25,f,online
visualise,4C,4,C,5D,5,D,AC,A,C,NA,TRUE,visual,21,f,online
visualise,AH,A,H,9S,9,S,8D,8,D,NA,TRUE,both,23,m,online
visualise,NA,NA,NA,NA,NA,NA,NA,NA,NA,NA,FALSE,both,26,m,online
visualise,AD,A,D,QS,Q,S,8D,8,D,NA,TRUE,NA,21,f,online
visualise,QH,Q,H,3H,3,H,5D,5,D,NA,TRUE,visual,21,m,online
visualise,AS,A,S,QH,Q,H,10D,10,D,NA,TRUE,verbal,49,f,online
visualise,QH,Q,H,3D,3,D,7S,7,S,NA,TRUE,both,27,f,online
visualise,QH,Q,H,QD,Q,D,AS,A,S,NA,TRUE,both,21,m,online
visualise,JS,J,S,3H,3,H,10D,10,D,NA,TRUE,both,23,m,online
visualise,KH,K,H,QH,Q,H,AS,A,S,NA,TRUE,both,19,f,online
visualise,KH,K,H,JH,J,H,QC,Q,C,NA,FALSE,visual,26,f,online
visualise,7H,7,H,7S,7,S,NA,NA,NA,NA,TRUE,both,19,m,online
visualise,AS,A,S,2S,2,S,3S,3,S,NA,TRUE,verbal,21,m,online
visualise,NA,NA,NA,NA,NA,NA,NA,NA,NA,NA,TRUE,visual,25,m,online
visualise,AC,A,C,4S,4,S,QD,Q,D,NA,TRUE,visual,21,f,online
visualise,8H,8,H,7S,7,S,10D,10,D,NA,TRUE,visual,20,f,online
visualise,8S,8,S,3C,3,C,3D,3,D,NA,TRUE,both,19,f,online
visualise,KH,K,H,AS,A,S,3H,3,H,NA,TRUE,both,23,m,online
visualise,4H,4,H,JH,J,H,AH,A,H,NA,TRUE,NA,36,f,online
visualise,NA,NA,NA,NA,NA,NA,NA,NA,NA,NA,TRUE,visual,19,m,online
visualise,6D,6,D,3H,3,H,AS,A,S,NA,TRUE,both,18,m,online
visualise,NA,NA,NA,NA,NA,NA,NA,NA,NA,NA,TRUE,both,18,m,online
visualise,2H,2,H,QS,Q,S,10C,10,C,NA,TRUE,both,20,m,online
visualise,NA,NA,NA,KH,K,H,JC,J,C,NA,TRUE,verbal,20,m,online
visualise,7C,7,C,QH,Q,H,AS,A,S,NA,TRUE,visual,21,m,online
visualise,8C,8,C,9D,9,D,JD,J,D,NA,TRUE,visual,21,f,online
visualise,4C,4,C,QH,Q,H,8S,8,S,NA,FALSE,NA,21,m,online
visualise,3D,3,D,4H,4,H,10S,10,S,NA,TRUE,visual,73,m,online
visualise,NA,NA,NA,NA,NA,NA,NA,NA,NA,NA,FALSE,visual,20,f,online
visualise,AS,A,S,QH,Q,H,KD,K,D,NA,TRUE,both,25,m,online
visualise,6H,6,H,QC,Q,C,2S,2,S,NA,FALSE,visual,18,m,online
visualise,QH,Q,H,KS,K,S,10D,10,D,NA,TRUE,both,19,f,online
visualise,AH,A,H,KS,K,S,JD,J,D,NA,TRUE,both,41,m,online
visualise,NA,NA,NA,NA,NA,NA,NA,NA,NA,NA,TRUE,both,19,f,online
visualise,AS,A,S,7D,7,D,QH,Q,H,NA,TRUE,NA,18,m,online
visualise,QH,Q,H,4D,4,D,AC,A,C,NA,TRUE,verbal,22,m,online
visualise,10H,10,H,10H,10,H,NA,NA,NA,NA,FALSE,visual,58,m,online
visualise,AH,A,H,3S,3,S,3C,3,C,NA,TRUE,NA,24,m,online
visualise,AS,A,S,4D,4,D,3D,3,D,NA,TRUE,visual,21,f,online
visualise,AS,A,S,AD,A,D,3S,3,S,NA,TRUE,NA,24,m,online
visualise,AC,A,C,NA,NA,NA,NA,NA,NA,NA,TRUE,both,32,f,online
visualise,2H,2,H,5C,5,C,QS,Q,S,NA,TRUE,visual,33,m,online
visualise,AS,A,S,QH,Q,H,JD,J,D,NA,TRUE,visual,18,f,online
visualise,7D,7,D,2C,2,C,JS,J,S,NA,TRUE,visual,19,f,online
visualise,3S,3,S,5C,5,C,2H,2,H,NA,FALSE,visual,22,f,online
visualise,3C,3,C,QD,Q,D,5S,5,S,NA,TRUE,verbal,52,m,online
visualise,10H,10,H,3S,3,S,5S,5,S,NA,TRUE,both,48,f,online
visualise,KS,K,S,KH,K,H,QD,Q,D,NA,TRUE,NA,21,f,online
visualise,4D,4,D,KC,K,C,7D,7,D,NA,TRUE,both,34,f,online
visualise,AH,A,H,QD,Q,D,4C,4,C,NA,FALSE,both,71,f,online
visualise,NA,NA,NA,NA,NA,NA,NA,NA,NA,NA,TRUE,visual,25,m,online
visualise,8D,8,D,6C,6,C,3H,3,H,NA,TRUE,both,34,f,online
visualise,7H,7,H,3D,3,D,6S,6,S,NA,TRUE,visual,60,f,online
visualise,3D,3,D,QC,Q,C,2S,2,S,NA,TRUE,verbal,49,f,online
visualise,AS,A,S,10H,10,H,7S,7,S,NA,TRUE,visual,27,f,online
visualise,5C,5,C,10H,10,H,3C,3,C,NA,TRUE,NA,54,f,online
visualise,QH,Q,H,7C,7,C,7D,7,D,NA,TRUE,visual,28,m,online
visualise,5H,5,H,KS,K,S,QD,Q,D,NA,TRUE,visual,19,m,online
visualise,AH,A,H,KH,K,H,10D,10,D,NA,FALSE,both,20,m,online
visualise,5H,5,H,10D,10,D,3S,3,S,NA,TRUE,verbal,19,m,online
visualise,QH,Q,H,JC,J,C,KS,K,S,NA,TRUE,NA,25,m,online
visualise,JH,J,H,QS,Q,S,2S,2,S,NA,TRUE,visual,36,m,online
visualise,QS,Q,S,AS,A,S,JD,J,D,NA,TRUE,visual,19,f,online
visualise,AS,A,S,AC,A,C,AD,A,D,NA,FALSE,visual,38,f,online
visualise,4H,4,H,7S,7,S,JC,J,C,NA,TRUE,verbal,49,m,online
visualise,JS,J,S,QH,Q,H,3D,3,D,NA,TRUE,both,55,f,online
visualise,AS,A,S,2S,2,S,QS,Q,S,NA,TRUE,visual,24,m,online
visualise,QD,Q,D,JH,J,H,3S,3,S,NA,TRUE,both,21,m,online
visualise,AS,A,S,JC,J,C,3D,3,D,NA,TRUE,NA,21,f,online
visualise,7H,7,H,KD,K,D,AS,A,S,NA,TRUE,visual,19,f,online
visualise,6H,6,H,8S,8,S,9D,9,D,NA,TRUE,NA,36,f,online
visualise,3S,3,S,QH,Q,H,NA,NA,NA,NA,TRUE,both,21,m,online
visualise,AS,A,S,KD,K,D,JD,J,D,NA,TRUE,visual,21,m,online
visualise,AS,A,S,QH,Q,H,3D,3,D,NA,TRUE,both,47,m,online
visualise,NA,NA,NA,QH,Q,H,KH,K,H,NA,TRUE,visual,21,m,online
visualise,5H,5,H,AS,A,S,QC,Q,C,NA,FALSE,verbal,27,m,online
visualise,NA,NA,NA,3C,3,C,7S,7,S,NA,TRUE,verbal,18,f,online
visualise,NA,NA,NA,KS,K,S,QH,Q,H,NA,TRUE,NA,20,m,online
visualise,3D,3,D,4S,4,S,7C,7,C,NA,TRUE,both,34,m,online
visualise,KD,K,D,7H,7,H,10C,10,C,NA,TRUE,visual,20,f,online
visualise,8D,8,D,AS,A,S,QH,Q,H,NA,TRUE,visual,65,f,online
visualise,8D,8,D,3H,3,H,QH,Q,H,NA,FALSE,visual,20,m,online
visualise,KH,K,H,JS,J,S,3C,3,C,NA,TRUE,visual,19,m,online
visualise,4H,4,H,2D,2,D,JS,J,S,NA,TRUE,NA,33,f,online
visualise,JD,J,D,AS,A,S,KC,K,C,NA,TRUE,both,22,f,online
visualise,KH,K,H,QD,Q,D,AC,A,C,NA,TRUE,both,63,m,online
visualise,4C,4,C,QH,Q,H,JS,J,S,NA,FALSE,both,24,f,online
visualise,3C,3,C,QS,Q,S,10D,10,D,NA,TRUE,visual,25,f,online
visualise,10S,10,S,QH,Q,H,2D,2,D,NA,TRUE,visual,30,m,online
visualise,KS,K,S,JS,J,S,NA,NA,NA,NA,TRUE,visual,22,m,online
visualise,AS,A,S,JD,J,D,QH,Q,H,NA,TRUE,visual,25,m,online
visualise,QH,Q,H,KH,K,H,NA,NA,NA,NA,FALSE,visual,20,m,online
visualise,7S,7,S,QH,Q,H,10D,10,D,NA,TRUE,verbal,19,m,online
visualise,NA,NA,NA,NA,NA,NA,NA,NA,NA,NA,TRUE,visual,18,m,online
visualise,7D,7,D,4S,4,S,AC,A,C,NA,TRUE,verbal,23,f,online
visualise,6D,6,D,8C,8,C,JD,J,D,NA,TRUE,visual,50,f,online
visualise,NA,NA,NA,NA,NA,NA,NA,NA,NA,NA,FALSE,visual,23,m,online
visualise,NA,NA,NA,3H,3,H,7H,7,H,NA,TRUE,visual,23,m,online
visualise,NA,NA,NA,NA,NA,NA,7D,7,D,NA,TRUE,visual,21,f,online
visualise,JD,J,D,6S,6,S,3D,3,D,NA,TRUE,NA,27,f,online
visualise,AS,A,S,QH,Q,H,6C,6,C,NA,TRUE,verbal,25,f,online
visualise,NA,NA,NA,NA,NA,NA,NA,NA,NA,NA,TRUE,visual,40,f,online
visualise,3D,3,D,2H,2,H,4S,4,S,NA,TRUE,visual,21,f,online
visualise,NA,NA,NA,NA,NA,NA,NA,NA,NA,NA,TRUE,both,50,f,online
visualise,9H,9,H,8C,8,C,AS,A,S,NA,TRUE,visual,23,f,online
visualise,2D,2,D,3C,3,C,7S,7,S,NA,TRUE,both,23,f,online
visualise,10D,10,D,3H,3,H,JH,J,H,NA,TRUE,visual,42,f,online
visualise,NA,NA,NA,NA,NA,NA,NA,NA,NA,NA,FALSE,both,26,f,online
visualise,JH,J,H,KH,K,H,QH,Q,H,NA,TRUE,visual,23,m,online
visualise,JD,J,D,10H,10,H,2S,2,S,NA,FALSE,visual,19,m,online
visualise,9D,9,D,9H,9,H,JD,J,D,NA,TRUE,visual,22,m,online
visualise,AD,A,D,2C,2,C,3H,3,H,NA,TRUE,verbal,24,f,online
visualise,6H,6,H,9D,9,D,3S,3,S,NA,TRUE,visual,24,m,online
visualise,AS,A,S,3D,3,D,QD,Q,D,NA,TRUE,both,41,f,online
visualise,JS,J,S,AH,A,H,10C,10,C,NA,TRUE,visual,25,m,online
visualise,NA,NA,NA,NA,NA,NA,NA,NA,NA,NA,TRUE,visual,23,f,online
visualise,9H,9,H,QD,Q,D,3C,3,C,NA,FALSE,visual,25,m,online
visualise,KH,K,H,NA,NA,NA,10H,10,H,NA,TRUE,NA,50,f,online
visualise,3C,3,C,8D,8,D,JC,J,C,NA,TRUE,NA,34,f,online
visualise,3D,3,D,JH,J,H,4S,4,S,NA,FALSE,visual,18,m,online
visualise,NA,NA,NA,NA,NA,NA,NA,NA,NA,NA,FALSE,visual,41,f,online
visualise,2D,2,D,8H,8,H,JS,J,S,NA,TRUE,visual,26,f,online
visualise,5H,5,H,8S,8,S,6H,6,H,NA,TRUE,both,35,f,online
visualise,NA,NA,NA,NA,NA,NA,NA,NA,NA,NA,TRUE,visual,25,f,online
visualise,QH,Q,H,KS,K,S,10C,10,C,NA,TRUE,both,31,m,online
visualise,AS,A,S,10D,10,D,5H,5,H,NA,FALSE,visual,28,f,online
visualise,8C,8,C,7H,7,H,5D,5,D,NA,FALSE,visual,22,m,online
visualise,NA,NA,NA,NA,NA,NA,NA,NA,NA,NA,TRUE,visual,25,f,online
visualise,7H,7,H,JS,J,S,8C,8,C,NA,FALSE,visual,19,m,online
visualise,NA,NA,NA,NA,NA,NA,NA,NA,NA,NA,TRUE,visual,39,f,online
visualise,7H,7,H,KS,K,S,KH,K,H,NA,FALSE,visual,18,f,online
visualise,3S,3,S,9H,9,H,2S,2,S,NA,FALSE,both,37,f,online
visualise,8S,8,S,AC,A,C,2C,2,C,NA,TRUE,verbal,42,f,online
visualise,3D,3,D,JS,J,S,AH,A,H,NA,TRUE,verbal,28,f,online
visualise,AH,A,H,9C,9,C,7C,7,C,NA,TRUE,visual,18,f,online
visualise,AS,A,S,QH,Q,H,KC,K,C,NA,TRUE,visual,18,m,online
visualise,AH,A,H,10S,10,S,2D,2,D,NA,TRUE,both,31,m,online
visualise,7H,7,H,2H,2,H,JS,J,S,NA,FALSE,visual,19,f,online
visualise,7S,7,S,8H,8,H,2D,2,D,NA,TRUE,both,21,m,online
visualise,8S,8,S,QH,Q,H,KS,K,S,NA,TRUE,both,27,f,online
visualise,10H,10,H,NA,NA,NA,3S,3,S,NA,FALSE,NA,72,m,online
visualise,NA,NA,NA,NA,NA,NA,NA,NA,NA,NA,TRUE,NA,23,m,online
visualise,NA,NA,NA,NA,NA,NA,NA,NA,NA,NA,TRUE,visual,25,f,online
visualise,AH,A,H,7S,7,S,KH,K,H,NA,TRUE,visual,19,m,online
visualise,AH,A,H,10C,10,C,8D,8,D,NA,TRUE,visual,38,f,online
visualise,AS,A,S,KH,K,H,7H,7,H,NA,TRUE,NA,18,m,online
visualise,8C,8,C,2D,2,D,3S,3,S,NA,TRUE,both,22,m,online
visualise,QH,Q,H,KS,K,S,AD,A,D,NA,TRUE,visual,25,m,online
visualise,8C,8,C,6C,6,C,AS,A,S,NA,TRUE,visual,29,f,online
visualise,AH,A,H,AS,A,S,2C,2,C,NA,TRUE,visual,53,m,online
visualise,NA,NA,NA,NA,NA,NA,NA,NA,NA,NA,TRUE,NA,19,m,online
visualise,KH,K,H,3S,3,S,8D,8,D,NA,TRUE,both,21,f,online
visualise,2D,2,D,3D,3,D,2H,2,H,NA,FALSE,visual,38,f,online
visualise,7D,7,D,2S,2,S,AS,A,S,NA,TRUE,visual,21,m,online
visualise,2S,2,S,3D,3,D,4D,4,D,NA,TRUE,visual,19,m,online
visualise,QS,Q,S,10C,10,C,8H,8,H,NA,TRUE,both,24,f,online
visualise,JD,J,D,2H,2,H,3C,3,C,NA,TRUE,both,67,f,online
visualise,6C,6,C,4D,4,D,QH,Q,H,NA,TRUE,visual,20,f,online
visualise,NA,NA,NA,NA,NA,NA,NA,NA,NA,NA,TRUE,visual,19,m,online
visualise,7H,7,H,9S,9,S,KH,K,H,NA,TRUE,both,30,m,online
visualise,6S,6,S,3C,3,C,8H,8,H,NA,TRUE,both,27,m,online
visualise,7C,7,C,7C,7,C,JS,J,S,NA,FALSE,NA,18,f,online
visualise,KH,K,H,QH,Q,H,JH,J,H,NA,TRUE,visual,23,m,online
visualise,NA,NA,NA,JH,J,H,AD,A,D,NA,FALSE,visual,19,m,online
visualise,6D,6,D,7C,7,C,KD,K,D,NA,TRUE,NA,24,m,online
visualise,AH,A,H,KC,K,C,7D,7,D,NA,TRUE,NA,36,m,online
visualise,8H,8,H,3C,3,C,QC,Q,C,NA,FALSE,NA,46,m,online
visualise,AH,A,H,AS,A,S,10H,10,H,NA,TRUE,visual,27,f,online
visualise,JD,J,D,AS,A,S,3C,3,C,NA,TRUE,visual,20,m,online
visualise,9H,9,H,8C,8,C,NA,NA,NA,NA,TRUE,visual,35,f,online
visualise,4S,4,S,KS,K,S,JH,J,H,NA,TRUE,visual,43,f,online
visualise,QH,Q,H,AS,A,S,3D,3,D,NA,TRUE,visual,19,f,online
visualise,AS,A,S,KH,K,H,QH,Q,H,NA,TRUE,verbal,19,m,online
visualise,KH,K,H,QS,Q,S,7D,7,D,NA,FALSE,both,22,f,online
visualise,AH,A,H,KH,K,H,AC,A,C,NA,TRUE,both,20,f,online
visualise,3D,3,D,4C,4,C,7S,7,S,NA,TRUE,visual,34,f,online
visualise,2C,2,C,6D,6,D,QH,Q,H,NA,TRUE,both,27,f,online
visualise,NA,NA,NA,7H,7,H,QH,Q,H,NA,TRUE,both,56,m,online
visualise,NA,NA,NA,NA,NA,NA,NA,NA,NA,NA,FALSE,visual,28,f,online
visualise,9H,9,H,2S,2,S,QD,Q,D,NA,TRUE,verbal,43,f,online
visualise,QH,Q,H,7D,7,D,3S,3,S,NA,TRUE,verbal,23,f,online
visualise,7C,7,C,AS,A,S,JH,J,H,NA,TRUE,visual,37,m,online
visualise,8C,8,C,7C,7,C,2D,2,D,NA,TRUE,visual,18,m,online
visualise,AS,A,S,3H,3,H,4D,4,D,NA,TRUE,visual,22,m,online
visualise,AC,A,C,AH,A,H,3S,3,S,NA,TRUE,both,18,m,online
visualise,KC,K,C,QH,Q,H,5C,5,C,NA,TRUE,both,23,f,online
visualise,3D,3,D,7H,7,H,JS,J,S,NA,TRUE,visual,28,f,online
visualise,3S,3,S,10D,10,D,KH,K,H,NA,TRUE,verbal,60,f,online
visualise,JS,J,S,QS,Q,S,3H,3,H,NA,TRUE,both,22,m,online
visualise,5H,5,H,6D,6,D,QC,Q,C,NA,TRUE,visual,49,f,online
visualise,9H,9,H,AS,A,S,7C,7,C,NA,TRUE,both,22,m,online
visualise,KS,K,S,7C,7,C,8D,8,D,NA,TRUE,visual,36,f,online
visualise,KS,K,S,JC,J,C,QD,Q,D,NA,FALSE,both,21,m,online
visualise,NA,NA,NA,NA,NA,NA,NA,NA,NA,NA,TRUE,visual,19,m,online
visualise,3D,3,D,10H,10,H,AS,A,S,NA,TRUE,visual,35,f,online
visualise,NA,NA,NA,NA,NA,NA,NA,NA,NA,NA,TRUE,visual,25,f,online
visualise,KH,K,H,QD,Q,D,NA,NA,NA,NA,TRUE,both,19,m,online
visualise,6H,6,H,3D,3,D,QS,Q,S,NA,TRUE,visual,30,f,online
visualise,8S,8,S,AS,A,S,KH,K,H,NA,TRUE,visual,38,f,online
visualise,JC,J,C,3H,3,H,KS,K,S,NA,TRUE,verbal,19,f,online
visualise,7H,7,H,JC,J,C,3D,3,D,NA,FALSE,both,28,f,online
visualise,AS,A,S,JH,J,H,2C,2,C,NA,TRUE,visual,18,m,online
visualise,3H,3,H,4D,4,D,NA,NA,NA,NA,TRUE,visual,20,m,online
visualise,6S,6,S,AS,A,S,2S,2,S,NA,FALSE,visual,31,f,online
visualise,QH,Q,H,KS,K,S,AD,A,D,NA,TRUE,NA,38,m,online
visualise,NA,NA,NA,5S,5,S,NA,NA,NA,NA,TRUE,visual,26,f,online
visualise,AS,A,S,10D,10,D,4C,4,C,NA,TRUE,visual,49,f,online
visualise,KH,K,H,4S,4,S,5D,5,D,NA,TRUE,visual,24,f,online
visualise,NA,NA,NA,NA,NA,NA,NA,NA,NA,NA,FALSE,visual,26,f,online
visualise,7S,7,S,5D,5,D,3C,3,C,NA,FALSE,visual,22,m,online
visualise,NA,NA,NA,NA,NA,NA,NA,NA,NA,NA,TRUE,both,22,m,online
visualise,AS,A,S,3H,3,H,7C,7,C,NA,TRUE,visual,21,m,online
visualise,AH,A,H,AC,A,C,JD,J,D,NA,TRUE,visual,43,f,online
visualise,NA,NA,NA,NA,NA,NA,NA,NA,NA,NA,TRUE,visual,22,m,online
visualise,3D,3,D,JS,J,S,7C,7,C,NA,TRUE,verbal,32,f,online
visualise,AS,A,S,QH,Q,H,JC,J,C,NA,TRUE,visual,22,f,online
visualise,AC,A,C,KH,K,H,QS,Q,S,NA,TRUE,both,28,f,online
visualise,3S,3,S,2S,2,S,NA,NA,NA,NA,TRUE,visual,22,m,online
visualise,QH,Q,H,5S,5,S,5H,5,H,NA,FALSE,both,31,m,online
visualise,QS,Q,S,JH,J,H,10H,10,H,NA,TRUE,both,19,m,online
visualise,AS,A,S,AD,A,D,AH,A,H,NA,TRUE,visual,51,f,online
visualise,AS,A,S,10H,10,H,7D,7,D,NA,TRUE,verbal,33,f,online
visualise,JH,J,H,JS,J,S,7H,7,H,NA,TRUE,visual,34,f,online
visualise,AS,A,S,QH,Q,H,KD,K,D,NA,TRUE,verbal,22,m,online
visualise,NA,NA,NA,JS,J,S,KH,K,H,NA,TRUE,both,22,f,online
visualise,AS,A,S,2D,2,D,9C,9,C,NA,TRUE,visual,34,f,online
visualise,JS,J,S,9D,9,D,KH,K,H,NA,TRUE,visual,21,m,online
visualise,AS,A,S,QD,Q,D,KS,K,S,NA,TRUE,visual,39,f,online
visualise,AS,A,S,2D,2,D,3S,3,S,NA,FALSE,visual,42,f,online
visualise,AS,A,S,QH,Q,H,NA,NA,NA,NA,TRUE,NA,19,f,online
visualise,AS,A,S,QH,Q,H,JC,J,C,NA,TRUE,visual,24,m,online
visualise,QH,Q,H,AD,A,D,AS,A,S,NA,TRUE,NA,22,f,online
visualise,JH,J,H,AS,A,S,10D,10,D,NA,TRUE,visual,23,f,online
visualise,5H,5,H,3S,3,S,2D,2,D,NA,FALSE,verbal,40,m,online
visualise,NA,NA,NA,NA,NA,NA,NA,NA,NA,NA,TRUE,both,20,m,online
visualise,3C,3,C,6D,6,D,3H,3,H,NA,TRUE,visual,20,f,online
visualise,AH,A,H,AS,A,S,AD,A,D,NA,TRUE,NA,19,m,online
visualise,AS,A,S,AD,A,D,KH,K,H,NA,TRUE,visual,21,f,online
visualise,KH,K,H,AS,A,S,2C,2,C,NA,TRUE,both,44,f,online
visualise,NA,NA,NA,NA,NA,NA,2D,2,D,NA,FALSE,visual,30,m,online
visualise,QH,Q,H,QS,Q,S,QD,Q,D,NA,TRUE,both,22,f,online
visualise,8D,8,D,QS,Q,S,KS,K,S,NA,TRUE,visual,25,m,online
visualise,QH,Q,H,10C,10,C,5D,5,D,NA,TRUE,both,46,m,online
visualise,QH,Q,H,AS,A,S,3D,3,D,NA,TRUE,both,36,f,online
visualise,8S,8,S,KH,K,H,NA,NA,NA,NA,FALSE,visual,23,f,online
visualise,AS,A,S,KH,K,H,QD,Q,D,NA,TRUE,visual,25,m,online
visualise,NA,NA,NA,5C,5,C,5D,5,D,NA,TRUE,visual,25,f,online
visualise,NA,NA,NA,NA,NA,NA,NA,NA,NA,NA,TRUE,visual,20,m,online
visualise,KD,K,D,JS,J,S,10S,10,S,NA,TRUE,visual,20,f,online
visualise,4S,4,S,2H,2,H,8C,8,C,NA,FALSE,verbal,24,m,online
visualise,3H,3,H,5C,5,C,8D,8,D,NA,TRUE,both,57,f,online
visualise,2S,2,S,AH,A,H,3D,3,D,NA,TRUE,visual,20,m,online
visualise,AS,A,S,2H,2,H,7C,7,C,NA,TRUE,visual,21,m,online
visualise,3D,3,D,5C,5,C,KD,K,D,NA,TRUE,visual,21,f,online
visualise,5H,5,H,6C,6,C,7D,7,D,NA,FALSE,both,50,f,online
visualise,10S,10,S,AD,A,D,3H,3,H,NA,TRUE,both,70,f,online
visualise,QC,Q,C,JS,J,S,9H,9,H,NA,TRUE,visual,28,f,online
visualise,JC,J,C,KH,K,H,AS,A,S,NA,TRUE,verbal,23,f,online
visualise,8H,8,H,2S,2,S,3C,3,C,NA,TRUE,visual,20,m,online
visualise,3S,3,S,4H,4,H,4S,4,S,NA,TRUE,visual,19,m,online
visualise,2D,2,D,4S,4,S,7H,7,H,NA,TRUE,both,18,f,online
visualise,QH,Q,H,JS,J,S,10D,10,D,NA,FALSE,visual,19,f,online
visualise,AS,A,S,QH,Q,H,KD,K,D,NA,FALSE,visual,19,m,online
visualise,JS,J,S,QH,Q,H,7C,7,C,NA,TRUE,visual,20,f,online
visualise,AH,A,H,KD,K,D,2D,2,D,NA,TRUE,visual,19,m,online
visualise,10H,10,H,AC,A,C,6S,6,S,NA,TRUE,visual,24,m,online
visualise,3D,3,D,5C,5,C,7D,7,D,NA,TRUE,visual,50,f,online
visualise,8S,8,S,4D,4,D,9C,9,C,NA,TRUE,both,37,f,online
visualise,NA,NA,NA,NA,NA,NA,NA,NA,NA,NA,TRUE,visual,18,m,online
visualise,NA,NA,NA,NA,NA,NA,NA,NA,NA,NA,TRUE,both,42,f,online
visualise,4S,4,S,JS,J,S,QD,Q,D,NA,TRUE,visual,24,m,online
visualise,NA,NA,NA,8H,8,H,7H,7,H,NA,FALSE,visual,35,f,online
